frame_id,1's score,pos_x,pos_y,up_x,up_y
0,0.0,9.399999995178053,10.50000000129157,0.0,0.0
1,0.0,9.399999995178199,10.500000001290656,0.0,0.0
2,0.0,9.399999995187832,10.500000001290404,0.0,0.0
3,0.0,9.39999999519528,10.500000001285441,0.0,0.0
4,0.0,9.399999995204945,10.500000001285594,0.0,0.0
5,0.0,9.399999995214898,10.500000001283832,0.0,0.0
6,0.0,9.399999995235657,10.500000001276897,0.0,0.0
7,0.0,9.399999995235957,10.500000001275147,0.0,0.0
8,0.0,9.399999995235957,10.500000001275147,0.0,0.0
9,0.0,9.39999999524609,10.500000001272735,0.0,0.0
10,0.0,9.399999995256222,10.500000001270406,0.0,0.0
11,0.0,9.399999995266201,10.500000001268925,0.0,0.0
12,0.0,9.399999995266356,10.50000000126809,0.0,0.0
13,2.5329421421131938e-45,9.399999995296419,10.500000001261531,-3.965733014025419e-45,7.9144004912923e-46
14,6.30116500695433e-28,9.399999995306855,10.500000001258345,-3.9657270825950016e-45,7.914621784518218e-46
15,6.301158738678334e-28,9.399999995316987,10.500000001256025,-1.132490477110187e-08,1.5303540183485522e-17
16,6.301158738710446e-28,9.39999999532709,10.500000001253301,-1.233212450712893e-08,-3.5681146717298563e-10
17,2.5323885012294948e-45,9.39999999533722,10.500000001250934,-1.233212450712893e-08,-3.5681146717298563e-10
18,3.248636158857155e-45,9.39999999533722,10.500000001250934,-1.2332124501568582e-08,-3.5681146702972456e-10
19,6.301158738774377e-28,9.399999995347374,10.500000001247907,-1.2332124499621041e-08,-3.568114669702205e-10
20,6.301158738804014e-28,9.399999995357502,10.500000001245514,-1.233212449548858e-08,-3.5681146685830627e-10
21,6.30115873883315e-28,9.399999995367635,10.500000001243189,-1.2332124491392328e-08,-3.568114667475501e-10
22,6.301158738888212e-28,9.399999995375355,10.500000001237078,-1.2332124487512705e-08,-3.5681146665057806e-10
23,2.5323885011494227e-45,9.399999995385492,10.500000001234712,-1.233212448471919e-08,-3.5681146657490096e-10
24,6.301158738946784e-28,9.399999995395625,10.500000001232388,-1.2332124480459462e-08,-3.5681146646333745e-10
25,6.301158738976577e-28,9.399999995405757,10.500000001229976,-1.2332124472882329e-08,-3.568114662629943e-10
26,6.301158739034791e-28,9.399999995426024,10.500000001225333,-1.233212446895252e-08,-3.5681146616048347e-10
27,6.301158739065099e-28,9.399999995436147,10.500000001222851,-1.2332124462078423e-08,-3.568114659811507e-10
28,6.301158739094327e-28,9.39999999544628,10.500000001220513,-1.2332124459566759e-08,-3.568114659195092e-10
29,2.837624263072474e-24,9.399999995456213,10.500000001218512,-1.2332124456448407e-08,-3.568114658338199e-10
30,3.24863615865357e-45,9.39999999545639,10.500000001217934,-1.2332124453481674e-08,-3.568114657589766e-10
31,6.301158739154668e-28,9.399999995466523,10.500000001215586,-1.2332124450720559e-08,-3.5681146569092943e-10
32,6.301158739183724e-28,9.399999995476657,10.500000001213271,-1.2332124445517235e-08,-3.568114655472184e-10
33,6.301158739215888e-28,9.399999995486757,10.500000001210541,-1.2332124443681715e-08,-3.5681146549075834e-10
34,6.3011587392453305e-28,9.399999995496888,10.500000001208175,-1.2332124440228573e-08,-3.568114654082388e-10
35,2.5323885009864055e-45,9.399999995507041,10.500000001205148,-1.2332124437409012e-08,-3.568114653315691e-10
36,6.3011587392798e-28,9.399999995507041,10.500000001205148,-1.2332124431821136e-08,-3.5681146519071677e-10
37,6.301158739309443e-28,9.39999999551717,10.500000001202755,-1.2332124428864568e-08,-3.56811465115086e-10
38,6.301158739338497e-28,9.399999995527304,10.50000000120044,-1.2332124424525006e-08,-3.5681146499285517e-10
39,6.3011587393936565e-28,9.399999995535023,10.500000001194318,-1.2332124420420284e-08,-3.5681146488683047e-10
40,6.301158739423089e-28,9.39999999554516,10.500000001191953,-1.2332124417584418e-08,-3.568114648157856e-10
41,6.301158739452212e-28,9.399999995555293,10.50000000118963,-1.233212441246601e-08,-3.568114646754031e-10
42,6.301158739482002e-28,9.399999995575405,10.500000001185748,-1.2332124409539511e-08,-3.568114646010826e-10
43,6.301158739540232e-28,9.399999995585691,10.500000001182572,-1.2332124402483726e-08,-3.5681146441359713e-10
44,6.301158739570527e-28,9.399999995595815,10.500000001180092,-1.2332124400746674e-08,-3.568114643599098e-10
45,6.3011587395997555e-28,9.399999995605947,10.500000001177755,-1.2332124393004157e-08,-3.568114641676995e-10
46,2.532388500834785e-45,9.399999995616058,10.500000001175176,-1.233212439144117e-08,-3.5681146411881643e-10
47,6.3011587396307885e-28,9.399999995625889,10.500000001173698,-1.2332124391231105e-08,-3.5681146411306587e-10
48,6.301158739659842e-28,9.399999995626192,10.500000001172861,-1.2332124386781641e-08,-3.568114640026604e-10
49,6.301158739689165e-28,9.399999995636325,10.50000000117051,-1.2332124382466644e-08,-3.568114638818788e-10
50,2.5323885007800033e-45,9.399999995656556,10.500000001165416,-1.2332124378405756e-08,-3.568114637748946e-10
51,6.30115873978523e-28,9.39999999566671,10.50000000116239,-1.233212437050548e-08,-3.568114635708655e-10
52,6.3011587398143e-28,9.399999995676843,10.500000001160073,-1.2332124367732082e-08,-3.568114635021698e-10
53,2.532388500752102e-45,9.399999995686972,10.50000000115768,-1.2332124364942167e-08,-3.568114634264927e-10
54,3.248636158261351e-45,9.399999995686972,10.50000000115768,-1.2332124361072286e-08,-3.568114633263708e-10
55,6.301158739899082e-28,9.39999999569469,10.500000001151559,-1.2332124358271571e-08,-3.5681146324555855e-10
56,6.301158739928518e-28,9.399999995704828,10.500000001149195,-1.2332124351979387e-08,-3.5681146308509874e-10
57,6.3011587399576395e-28,9.39999999571496,10.500000001146871,-1.233212434911091e-08,-3.5681146301310756e-10
58,2.5323885006855547e-45,9.399999995735227,10.500000001142142,-1.233212434740922e-08,-3.5681146296026726e-10
59,6.301158740045662e-28,9.39999999574536,10.500000001139814,-1.2332124337866971e-08,-3.568114627108359e-10
60,2.532388500658066e-45,9.399999995755483,10.500000001137334,-1.2332124337859983e-08,-3.568114627106043e-10
61,2.532388500630972e-45,9.399999995765615,10.500000001134996,-1.2332124332249025e-08,-3.568114625641867e-10
62,6.301158740105182e-28,9.399999995765615,10.500000001134996,-1.2332124329909943e-08,-3.568114625163095e-10
63,6.301158740134263e-28,9.39999999577575,10.500000001132678,-1.2332124328225618e-08,-3.568114624640052e-10
64,6.301158740165269e-28,9.39999999578586,10.500000001130102,-1.233212432224133e-08,-3.5681146230360497e-10
65,6.301158740194591e-28,9.399999995795993,10.500000001127752,-1.2332124320541971e-08,-3.5681146225091026e-10
66,2.53238850057553e-45,9.399999995806093,10.500000001125024,-1.2332124316102248e-08,-3.5681146214138493e-10
67,2.53238850057553e-45,9.399999995816223,10.500000001122658,-1.2332124311997314e-08,-3.568114620416534e-10
68,6.301158740285292e-28,9.399999995826356,10.500000001120336,-1.2332124306123352e-08,-3.5681146187384825e-10
69,6.301158740319713e-28,9.399999995836511,10.500000001117316,-1.2332124301753086e-08,-3.5681146177142343e-10
70,6.301158740349366e-28,9.39999999584664,10.500000001114921,-1.2332124297365032e-08,-3.5681146164757795e-10
71,6.30115874040451e-28,9.399999995854358,10.5000000011088,-1.2332124293187465e-08,-3.568114615378607e-10
72,6.3011587404339455e-28,9.399999995864496,10.500000001106436,-1.2332124287598318e-08,-3.5681146139304455e-10
73,6.301158740463065e-28,9.399999995874628,10.500000001104112,-1.2332124285897688e-08,-3.5681146134019764e-10
74,6.301158740492135e-28,9.399999995884762,10.500000001101796,-1.2332124283033234e-08,-3.568114612683785e-10
75,6.301158740521928e-28,9.399999995894895,10.500000001099384,-1.2332124278117055e-08,-3.568114611378428e-10
76,2.5323885004538112e-45,9.399999995905027,10.500000001097055,-1.2332124278117055e-08,-3.568114611378428e-10
77,3.2486361578887225e-45,9.399999995905027,10.500000001097055,-1.233212427371566e-08,-3.5681146102932993e-10
78,6.301158740581383e-28,9.39999999591515,10.500000001094575,-1.2332124271967172e-08,-3.568114609752323e-10
79,6.3011587406106105e-28,9.399999995925283,10.500000001092237,-1.2332124266387131e-08,-3.5681146083022425e-10
80,6.301158740639691e-28,9.399999995935417,10.50000000108992,-1.2332124263027798e-08,-3.5681146075205237e-10
81,6.301158740670696e-28,9.399999995945528,10.500000001087344,-1.233212425843095e-08,-3.5681146062049756e-10
82,6.301158740700019e-28,9.39999999595566,10.500000001084993,-1.2332124255716634e-08,-3.568114605548525e-10
83,6.301158740732171e-28,9.39999999596576,10.500000001082265,-1.2332124249861942e-08,-3.568114604008844e-10
84,6.3011587407616135e-28,9.399999995975891,10.500000001079899,-1.2332124246079093e-08,-3.568114603039653e-10
85,6.301158740790721e-28,9.399999995986024,10.500000001077577,-1.2332124241760919e-08,-3.568114601830183e-10
86,6.301158740854793e-28,9.399999996006308,10.500000001072163,-1.2332124236904667e-08,-3.568114600497959e-10
87,2.53238850030238e-45,9.399999996014026,10.500000001066041,-1.2332124233122877e-08,-3.568114599621743e-10
88,3.248636157702123e-45,9.399999996014026,10.500000001066041,-1.2332124227146e-08,-3.568114598043747e-10
89,6.301158740939374e-28,9.399999996024164,10.500000001063677,-1.2332124224127175e-08,-3.5681145972597783e-10
90,6.3011587409684945e-28,9.399999996034296,10.500000001061354,-1.2332124221493538e-08,-3.568114596634165e-10
91,6.301158740997547e-28,9.39999999604443,10.500000001059039,-1.2332124216999816e-08,-3.56811459534866e-10
92,2.532388500236649e-45,9.399999996054563,10.500000001056625,-1.2332124215963895e-08,-3.568114595211282e-10
93,3.2486361576337244e-45,9.399999996054563,10.500000001056625,-1.2332124211610357e-08,-3.568114593991356e-10
94,6.301158741056515e-28,9.399999996064695,10.500000001054296,-1.2332124209908245e-08,-3.5681145934630193e-10
95,6.30115874108681e-28,9.399999996074818,10.500000001051816,-1.2332124207320136e-08,-3.5681145928683095e-10
96,6.301158741116037e-28,9.39999999608495,10.500000001049479,-1.2332124202837637e-08,-3.5681145915956425e-10
97,6.301158741145092e-28,9.399999996095085,10.500000001047164,-1.2332124200271339e-08,-3.5681145909959697e-10
98,2.5323885001674673e-45,9.399999996105196,10.500000001044583,-1.2332124195251187e-08,-3.56811458959777e-10
99,6.301158741205446e-28,9.399999996115328,10.500000001042235,-1.2332124191642403e-08,-3.568114588607469e-10
100,6.3011587412375985e-28,9.399999996135431,10.500000001037375,-1.2332124186621827e-08,-3.56811458743102e-10
101,6.30115874126704e-28,9.39999999613556,10.50000000103714,-1.233212418126519e-08,-3.568114586084568e-10
102,6.30115874133058e-28,9.399999996155847,10.500000001031797,-1.2332124174916043e-08,-3.56811458424697e-10
103,2.5323885000869698e-45,9.399999996165976,10.500000001029404,-1.2332124170427192e-08,-3.5681145830538447e-10
104,2.532388500084392e-45,9.399999996173554,10.50000000102425,-1.2332124169532302e-08,-3.5681145828917834e-10
105,6.3011587414153674e-28,9.399999996173694,10.500000001023283,-1.2332124164408388e-08,-3.568114581532494e-10
106,6.3011587414448e-28,9.399999996183832,10.500000001020918,-1.233212416069076e-08,-3.568114580597052e-10
107,6.301158741473858e-28,9.399999996193966,10.500000001018604,-1.2332124157929856e-08,-3.568114579913536e-10
108,6.301158741502989e-28,9.399999996204098,10.500000001016279,-1.2332124153507074e-08,-3.5681145786636994e-10
109,2.532388500017835e-45,9.39999999621423,10.500000001013866,-1.2332124151141946e-08,-3.568114578111275e-10
110,6.301158741532782e-28,9.39999999621423,10.500000001013866,-1.2332124147927032e-08,-3.568114577225199e-10
111,6.301158741561942e-28,9.399999996224363,10.500000001011538,-1.2332124143907014e-08,-3.5681145761475483e-10
112,6.301158741592238e-28,9.399999996234486,10.500000001009058,-1.2332124141121546e-08,-3.568114575469657e-10
113,6.301158741621291e-28,9.39999999624462,10.500000001006743,-1.2332124135397933e-08,-3.5681145739554535e-10
114,6.301158741650533e-28,9.399999996254753,10.500000001004404,-1.2332124133697726e-08,-3.56811457342758e-10
115,6.301158741681566e-28,9.399999996264864,10.500000001001824,-1.2332124129245297e-08,-3.5681145723403337e-10
116,6.301158741710874e-28,9.399999996274996,10.500000000999476,-1.2332124124899383e-08,-3.5681145711161726e-10
117,2.5323884999217963e-45,9.399999996285096,10.500000000996748,-1.2332124123732171e-08,-3.568114570925061e-10
118,6.3011587417430265e-28,9.399999996285096,10.500000000996748,-1.2332124119422468e-08,-3.568114569738288e-10
119,6.30115874177208e-28,9.39999999629523,10.500000000994433,-1.2332124117715696e-08,-3.5681145692073706e-10
120,6.301158741801537e-28,9.399999996305361,10.500000000992065,-1.233212411340811e-08,-3.568114568172733e-10
121,6.301158741836009e-28,9.399999996315515,10.500000000989038,-1.2332124108766793e-08,-3.568114567022886e-10
122,6.301158741865649e-28,9.399999996325644,10.500000000986645,-1.2332124104251684e-08,-3.5681145657311606e-10
123,6.301158741920791e-28,9.399999996333362,10.500000000980524,-1.2332124099196592e-08,-3.5681145644015174e-10
124,6.301158741949861e-28,9.399999996343496,10.500000000978208,-1.2332124096334256e-08,-3.568114563683657e-10
125,6.301158741979297e-28,9.399999996353634,10.500000000975843,-1.2332124092130643e-08,-3.568114562524082e-10
126,6.301158742008416e-28,9.399999996363766,10.50000000097352,-1.2332124089420984e-08,-3.568114561873786e-10
127,6.30115874203821e-28,9.399999996373898,10.500000000971108,-1.2332124087702143e-08,-3.56811456134128e-10
128,6.30115874206737e-28,9.39999999638403,10.500000000968779,-1.233212407891587e-08,-3.568114559115039e-10
129,6.301158742096438e-28,9.399999996394165,10.500000000966462,-1.2332124076030876e-08,-3.5681145583830175e-10
130,6.301158742126732e-28,9.399999996404288,10.500000000963983,-1.2332124071783217e-08,-3.568114557211134e-10
131,6.301158742182419e-28,9.399999996424354,10.500000000959643,-1.2332124065475998e-08,-3.5681145556483584e-10
132,6.301158742211861e-28,9.399999996434484,10.500000000957277,-1.233212406375885e-08,-3.5681145551154555e-10
133,6.301158742240968e-28,9.399999996444617,10.500000000954955,-1.2332124055491597e-08,-3.568114552965183e-10
134,6.301158742275387e-28,9.399999996454772,10.500000000951935,-1.2332124053547868e-08,-3.568114552371201e-10
135,6.30115874230504e-28,9.399999996464901,10.500000000949541,-1.2332124049284752e-08,-3.568114551349931e-10
136,6.301158742360186e-28,9.39999999647262,10.50000000094342,-1.2332124043437683e-08,-3.5681145498343374e-10
137,6.301158742389621e-28,9.399999996482757,10.500000000941055,-1.2332124039194048e-08,-3.5681145486637776e-10
138,6.301158742418743e-28,9.39999999649289,10.500000000938732,-1.2332124036884401e-08,-3.568114548126044e-10
139,2.837624264432121e-24,9.399999996502723,10.500000000938167,-1.2332124033984796e-08,-3.568114547380721e-10
140,3.2486361568694703e-45,9.399999996513001,10.500000000934849,-1.2332124029788383e-08,-3.5681145462220066e-10
141,6.3011587425067615e-28,9.399999996523288,10.500000000931674,-1.2332124025680273e-08,-3.56811454512854e-10
142,2.532388499596039e-45,9.399999996533245,10.500000000929932,-1.233212402538254e-08,-3.568114545047741e-10
143,3.2486361568181186e-45,9.399999996533412,10.500000000929194,-1.2332124019677139e-08,-3.5681145435555734e-10
144,2.5323884995685416e-45,9.399999996553678,10.500000000924542,-1.2332124015645897e-08,-3.5681145424740843e-10
145,6.301158742626386e-28,9.399999996563789,10.500000000921961,-1.2332124008903938e-08,-3.568114540754012e-10
146,6.301158742655695e-28,9.399999996573921,10.500000000919613,-1.2332124007199073e-08,-3.568114540225344e-10
147,6.301158742687845e-28,9.399999996584022,10.500000000916884,-1.2332124001928622e-08,-3.568114538779565e-10
148,6.301158742717287e-28,9.399999996594152,10.500000000914518,-1.2332123997973825e-08,-3.568114537731097e-10
149,6.301158742746344e-28,9.399999996604286,10.500000000912204,-1.233212399510196e-08,-3.5681145370090675e-10
150,2.5323884994860297e-45,9.39999999661444,10.500000000909175,-1.2332123992608718e-08,-3.5681145363794176e-10
151,3.2486361566808333e-45,9.39999999661444,10.500000000909175,-1.2332123989504554e-08,-3.568114535597699e-10
152,6.301158742865612e-28,9.399999996632287,10.50000000090066,-1.2332123982484769e-08,-3.568114533624377e-10
153,6.301158742895049e-28,9.399999996642425,10.500000000898297,-1.233212397717006e-08,-3.568114532308101e-10
154,6.3011587429241045e-28,9.399999996652559,10.500000000895982,-1.233212397300647e-08,-3.5681145311609667e-10
155,2.5323884994059647e-45,9.399999996662691,10.500000000893657,-1.2332123971823589e-08,-3.5681145309640977e-10
156,2.5323884994055402e-45,9.399999996672824,10.500000000891244,-1.233212396765301e-08,-3.5681145298143167e-10
157,6.30115874301219e-28,9.399999996682956,10.500000000888916,-1.2332123960592567e-08,-3.5681145279399916e-10
158,6.301158743042484e-28,9.39999999669308,10.500000000886436,-1.2332123955196967e-08,-3.568114526588974e-10
159,6.301158743071539e-28,9.399999996703214,10.500000000884121,-1.2332123952741419e-08,-3.5681145260014773e-10
160,2.837624264697176e-24,9.399999996713,10.500000000883068,-1.2332123952471215e-08,-3.568114525927825e-10
161,3.248636156511865e-45,9.399999996713346,10.500000000881782,-1.2332123947426499e-08,-3.5681145245615213e-10
162,6.301158743131814e-28,9.399999996723457,10.500000000879202,-1.2332123945646035e-08,-3.568114524012472e-10
163,6.301158743161123e-28,9.39999999673359,10.500000000876854,-1.2332123940149639e-08,-3.568114522599052e-10
164,6.301158743193274e-28,9.39999999674369,10.500000000874126,-1.2332123936079434e-08,-3.568114521526298e-10
165,6.301158743222325e-28,9.399999996753824,10.500000000871811,-1.2332123934395532e-08,-3.568114521003586e-10
166,2.5323884992817822e-45,9.399999996763954,10.500000000869443,-1.2332123931604135e-08,-3.5681145204158244e-10
167,3.248636156426198e-45,9.399999996763954,10.500000000869443,-1.2332123929897364e-08,-3.568114519886826e-10
168,6.3011587432862565e-28,9.399999996781682,10.500000000861192,-1.2332123925460817e-08,-3.568114518824395e-10
169,2.5323884992291987e-45,9.399999996791955,10.500000000857902,-1.2332123919531163e-08,-3.5681145172335613e-10
170,6.301158743371038e-28,9.399999996791955,10.500000000857902,-1.2332123914847706e-08,-3.5681145160682293e-10
171,6.301158743400107e-28,9.399999996802089,10.500000000855586,-1.2332123913159993e-08,-3.568114515543797e-10
172,6.301158743429546e-28,9.399999996812227,10.500000000853221,-1.2332123908615237e-08,-3.5681145143966627e-10
173,6.301158743458663e-28,9.399999996822359,10.500000000850898,-1.2332123902682618e-08,-3.5681145127945793e-10
174,2.532388499173796e-45,9.399999996832491,10.500000000848486,-1.2332123900212247e-08,-3.5681145122002004e-10
175,6.301158743488457e-28,9.39999999684247,10.500000000846994,-1.2332123897187704e-08,-3.5681145113967764e-10
176,6.3011587435176165e-28,9.399999996852603,10.500000000844675,-1.2332123895491309e-08,-3.5681145108706233e-10
177,6.301158743576979e-28,9.399999996862881,10.50000000084136,-1.2332123889079905e-08,-3.5681145092820395e-10
178,6.301158743606207e-28,9.399999996873014,10.500000000839023,-1.2332123884594653e-08,-3.5681145080090416e-10
179,6.301158743637239e-28,9.399999996883125,10.500000000836444,-1.2332123882816308e-08,-3.5681145074609187e-10
180,2.5323884991050613e-45,9.399999996893257,10.500000000834095,-1.2332123880573365e-08,-3.568114506948596e-10
181,3.2486361562055194e-45,9.399999996893257,10.500000000834095,-1.233212387642735e-08,-3.5681145058138366e-10
182,6.301158743695643e-28,9.39999999690339,10.500000000831776,-1.2332123871059914e-08,-3.568114504463084e-10
183,6.301158743727756e-28,9.399999996913492,10.500000000829052,-1.2332123868032406e-08,-3.5681145036932764e-10
184,6.301158743755288e-28,9.399999996923494,10.500000000826919,-1.2332123866429185e-08,-3.5681145031932623e-10
185,6.301158743810433e-28,9.399999996931212,10.500000000820798,-1.2332123861274566e-08,-3.5681145018217307e-10
186,2.532388499025369e-45,9.39999999694135,10.500000000818433,-1.2332123857953138e-08,-3.568114500951206e-10
187,6.3011587438398685e-28,9.39999999694135,10.500000000818433,-1.2332123853564025e-08,-3.568114499913458e-10
188,6.301158743861905e-28,9.399999996951337,10.500000000817023,-1.2332123851164804e-08,-3.5681144993411153e-10
189,6.301158743884447e-28,9.399999996961316,10.500000000815545,-1.2332123847144786e-08,-3.56811449821165e-10
190,6.30115874391092e-28,9.39999999697125,10.500000000813541,-1.23321238445427e-08,-3.56811449758425e-10
191,6.301158743940362e-28,9.39999999698138,10.500000000811175,-1.2332123842838258e-08,-3.568114497055516e-10
192,6.301158743974834e-28,9.399999996991534,10.500000000808148,-1.2332123837455364e-08,-3.568114495579892e-10
193,2.8376242650650314e-24,9.399999997001663,10.500000000805755,-1.2332123835193998e-08,-3.5681144952158663e-10
194,3.248636156021116e-45,9.399999997001663,10.500000000805755,-1.2332123833476427e-08,-3.568114494683625e-10
195,6.30115874403353e-28,9.399999997011797,10.50000000080344,-1.2332123831790408e-08,-3.568114494160119e-10
196,6.301158744088685e-28,9.399999997019515,10.500000000797318,-1.2332123825584409e-08,-3.5681144924912657e-10
197,6.301158744118124e-28,9.399999997029653,10.500000000794953,-1.2332123820611055e-08,-3.5681144911532183e-10
198,6.30115874414016e-28,9.39999999703964,10.500000000793543,-1.2332123817101586e-08,-3.568114490250665e-10
199,6.301158744170456e-28,9.399999997049763,10.500000000791063,-1.233212381440781e-08,-3.568114489608839e-10
200,6.3011587441937365e-28,9.39999999705973,10.500000000789486,-1.2332123810285512e-08,-3.568114488443176e-10
201,6.301158744223056e-28,9.399999997069862,10.500000000787136,-1.2332123807913608e-08,-3.5681144878883695e-10
202,6.301158744255207e-28,9.399999997079963,10.500000000784407,-1.2332123802412129e-08,-3.568114486392893e-10
203,6.301158744284648e-28,9.399999997090093,10.500000000782041,-1.2332123799012562e-08,-3.568114485588675e-10
204,6.3011587443481905e-28,9.399999997110381,10.500000000776698,-1.233212379036118e-08,-3.5681144832160564e-10
205,6.301158744377833e-28,9.39999999712051,10.500000000774305,-1.2332123787563006e-08,-3.5681144825223497e-10
206,2.8376242652290085e-24,9.399999997128228,10.500000000768184,-1.2332123784983367e-08,-3.56811448186312e-10
207,3.248636155803708e-45,9.399999997128228,10.500000000768184,-1.2332123779719693e-08,-3.5681144804420235e-10
208,6.301158744462411e-28,9.399999997138366,10.50000000076582,-1.2332123775882845e-08,-3.5681144794515243e-10
209,6.301158744484447e-28,9.399999997148353,10.500000000764409,-1.233212377356028e-08,-3.5681144789098203e-10
210,6.301158744507019e-28,9.399999997158332,10.500000000762927,-1.2332123769458947e-08,-3.5681144777491866e-10
211,6.301158744533449e-28,9.399999997168266,10.500000000760929,-1.2332123766953e-08,-3.568114477159109e-10
212,6.301158744562903e-28,9.399999997178396,10.500000000758561,-1.2332123762673155e-08,-3.568114475973329e-10
213,6.301158744597375e-28,9.39999999718855,10.500000000755534,-1.233212375836811e-08,-3.5681144748134234e-10
214,6.301158744627018e-28,9.399999997198679,10.500000000753142,-1.2332123754522156e-08,-3.568114473822858e-10
215,6.301158744656151e-28,9.39999999720881,10.500000000750816,-1.2332123750767683e-08,-3.5681144728628653e-10
216,6.301158744711215e-28,9.399999997216531,10.500000000744706,-1.2332123745329096e-08,-3.568114471360507e-10
217,6.301158744740662e-28,9.399999997226669,10.50000000074234,-1.2332123740891067e-08,-3.568114470266246e-10
218,6.301158744762701e-28,9.399999997236655,10.500000000740929,-1.2332123738567656e-08,-3.5681144697238803e-10
219,6.301158744787222e-28,9.399999997246612,10.500000000739186,-1.2332123734309833e-08,-3.568114468513616e-10
220,6.301158744816532e-28,9.399999997256744,10.500000000736838,-1.2332123730140313e-08,-3.568114467364695e-10
221,6.301158744845585e-28,9.399999997266878,10.500000000734524,-1.2332123727272895e-08,-3.5681144666453126e-10
222,6.301158744877751e-28,9.399999997276979,10.500000000731793,-1.2332123722944768e-08,-3.5681144654521873e-10
223,6.301158744907193e-28,9.399999997287109,10.500000000729427,-1.2332123720070785e-08,-3.5681144647318784e-10
224,6.301158744941665e-28,9.399999997297263,10.5000000007264,-1.2332123715622168e-08,-3.568114463664286e-10
225,2.5323884985124e-45,9.399999997317526,10.500000000721693,-1.2332123709469956e-08,-3.5681144619665144e-10
226,2.5323884985124e-45,9.399999997325104,10.500000000716536,-1.23321237051287e-08,-3.5681144609161274e-10
227,6.30115874507125e-28,9.399999997335081,10.50000000071497,-1.23321236987912e-08,-3.568114459134182e-10
228,2.5323884984745765e-45,9.399999997355021,10.500000000710891,-1.2332123693639546e-08,-3.5681144578400743e-10
229,2.5323884984472793e-45,9.399999997365155,10.500000000708575,-1.233212369096991e-08,-3.568114457206388e-10
230,6.301158745183524e-28,9.399999997375284,10.500000000706182,-1.2332123684213975e-08,-3.5681144553002327e-10
231,2.5323884984335333e-45,9.399999997383002,10.50000000070006,-1.2332123682743314e-08,-3.568114454980081e-10
232,3.2486361553696085e-45,9.399999997383002,10.50000000070006,-1.233212367745571e-08,-3.568114453544823e-10
233,6.301158745268103e-28,9.39999999739314,10.500000000697696,-1.2332123675735599e-08,-3.5681144530107953e-10
234,6.301158745297223e-28,9.399999997403272,10.500000000695373,-1.2332123671611395e-08,-3.568114452053185e-10
235,6.301158745343717e-28,9.399999997423217,10.500000000692228,-1.2332123666742015e-08,-3.5681144507093803e-10
236,2.5323884983544412e-45,9.39999999744076,10.500000000684551,-1.233212365938384e-08,-3.5681144487847627e-10
237,6.301158745451255e-28,9.399999997450898,10.500000000682187,-1.233212365132538e-08,-3.5681144466585114e-10
238,6.301158745480376e-28,9.39999999746103,10.500000000679863,-1.2332123645946085e-08,-3.5681144453027293e-10
239,6.301158745509442e-28,9.399999997471165,10.500000000677547,-1.2332123643411339e-08,-3.568114444723041e-10
240,6.301158745539235e-28,9.399999997481297,10.500000000675135,-1.2332123639107776e-08,-3.568114443530644e-10
241,6.3011587455683955e-28,9.39999999749143,10.500000000672806,-1.233212363493868e-08,-3.5681144423872816e-10
242,6.3011587455986895e-28,9.399999997501553,10.500000000670326,-1.2332123632151942e-08,-3.568114441708001e-10
243,6.301158745627917e-28,9.399999997511685,10.500000000667988,-1.2332123628023927e-08,-3.568114440589057e-10
244,2.5323884982468792e-45,9.39999999752182,10.50000000066567,-1.2332123628023927e-08,-3.568114440589057e-10
245,3.248636155134369e-45,9.39999999752182,10.50000000066567,-1.2332123622312595e-08,-3.5681144390794856e-10
246,6.301158745683429e-28,9.399999997531753,10.500000000663672,-1.2332123618480195e-08,-3.568114438063311e-10
247,6.301158745710963e-28,9.399999997541755,10.500000000661538,-1.2332123615842746e-08,-3.5681144374328006e-10
248,6.3011587457586295e-28,9.399999997549333,10.500000000656383,-1.2332123610873839e-08,-3.5681144360850256e-10
249,6.301158745781841e-28,9.399999997559311,10.500000000654817,-1.2332123608323634e-08,-3.568114435452861e-10
250,2.532388498154281e-45,9.399999997579577,10.500000000650164,-1.2332123604223572e-08,-3.5681144343441744e-10
251,6.301158745840122e-28,9.399999997579577,10.500000000650164,-1.2332123599032318e-08,-3.568114433068993e-10
252,6.30115874587117e-28,9.399999997589688,10.500000000647583,-1.2332123594594924e-08,-3.568114431817965e-10
253,6.301158745900479e-28,9.39999999759982,10.500000000645235,-1.233212359206166e-08,-3.5681144312454897e-10
254,6.301158745932629e-28,9.399999997609921,10.500000000642506,-1.2332123587516694e-08,-3.56811442996508e-10
255,6.301158745962073e-28,9.399999997620052,10.50000000064014,-1.2332123583459194e-08,-3.5681144288685034e-10
256,6.3011587459892245e-28,9.399999997630053,10.500000000638057,-1.2332123580824922e-08,-3.568114428237861e-10
257,6.301158746067147e-28,9.399999997647095,10.500000000630328,-1.2332123576665778e-08,-3.568114427001259e-10
258,6.301158746101837e-28,9.399999997657108,10.500000000627251,-1.2332123568675928e-08,-3.568114425071612e-10
259,6.3011587461473295e-28,9.399999997670468,10.50000000062325,-1.2332123564042234e-08,-3.568114423738131e-10
260,6.301158746178539e-28,9.399999997678949,10.500000000620403,-1.2332123561365822e-08,-3.568114423010609e-10
261,6.301158746193967e-28,9.39999999768422,10.500000000619158,-1.2332123559428022e-08,-3.568114422497492e-10
262,2.532388498010644e-45,9.399999997689477,10.500000000616973,-1.2332123559340143e-08,-3.5681144226299734e-10
263,3.2486361548468815e-45,9.399999997689477,10.500000000616973,-1.233212355502938e-08,-3.568114421480722e-10
264,6.301158746250214e-28,9.399999997697526,10.50000000061373,-1.2332123551525205e-08,-3.5681144206487766e-10
265,6.301158746280068e-28,9.399999997707214,10.500000000611243,-1.2332123546936827e-08,-3.568114419315891e-10
266,6.301158746295168e-28,9.39999999771647,10.500000000610639,-1.2332123544543536e-08,-3.5681144187759074e-10
267,6.301158746312195e-28,9.39999999772225,10.500000000609258,-1.2332123541535934e-08,-3.5681144179561383e-10
268,6.30115874632132e-28,9.399999997727827,10.50000000060889,-1.2332123538819287e-08,-3.568114417287313e-10
269,6.301158746341379e-28,9.399999997733694,10.500000000607123,-1.2332123535567104e-08,-3.568114416435648e-10
270,6.301158746378311e-28,9.399999997746153,10.500000000604118,-1.2332123531559368e-08,-3.5681144154246347e-10
271,6.301158746417046e-28,9.399999997757263,10.500000000600672,-1.233212352588467e-08,-3.568114413823478e-10
272,2.5323884978972578e-45,9.399999997767841,10.50000000059977,-1.2332123523306938e-08,-3.5681144130772947e-10
273,6.301158746435907e-28,9.399999997767841,10.50000000059977,-1.2332123522850175e-08,-3.5681144130627363e-10
274,6.301158746471762e-28,9.399999997777245,10.500000000596447,-1.233212351964712e-08,-3.568114412174146e-10
275,6.301158746508514e-28,9.399999997786823,10.500000000593033,-1.2332123517321591e-08,-3.5681144114588e-10
276,6.301158746546555e-28,9.399999997796646,10.500000000589486,-1.2332123512986053e-08,-3.5681144103115336e-10
277,6.301158746581215e-28,9.399999997809001,10.500000000586764,-1.2332123509256355e-08,-3.5681144093835693e-10
278,6.301158746622129e-28,9.399999997821187,10.500000000583192,-1.233212350566557e-08,-3.568114408418415e-10
279,6.301158746644345e-28,9.399999997826702,10.500000000581087,-1.233212350332289e-08,-3.5681144078000147e-10
280,6.301158746654445e-28,9.399999997832175,10.500000000580576,-1.2332123499051726e-08,-3.568114406739437e-10
281,6.301158746721631e-28,9.399999997846974,10.500000000573927,-1.2332123495644959e-08,-3.568114405925756e-10
282,6.301158746750579e-28,9.399999997856563,10.500000000571545,-1.2332123489604979e-08,-3.568114404367546e-10
283,2.837624266203831e-24,9.3999999978642,10.500000000570811,-1.2332123487651933e-08,-3.5681144037854094e-10
284,3.24863615454944e-45,9.3999999978642,10.500000000570811,-1.2332123483593374e-08,-3.5681144028056967e-10
285,6.3011587467650425e-28,9.39999999787462,10.50000000056865,-1.2332123480257547e-08,-3.568114401970972e-10
286,6.30115874681692e-28,9.399999997882473,10.500000000566676,-1.2332123475035165e-08,-3.568114400540876e-10
287,6.301158746876567e-28,9.399999997906187,10.50000000056236,-1.2332123468785968e-08,-3.5681143989751226e-10
288,6.30115874691759e-28,9.399999997915277,10.500000000558309,-1.2332123464562873e-08,-3.568114397762211e-10
289,6.301158746953545e-28,9.39999999792477,10.500000000554987,-1.2332123461026723e-08,-3.5681143967515287e-10
290,6.3011587469739925e-28,9.399999997935534,10.500000000553904,-1.2332123457864749e-08,-3.5681143959192527e-10
291,6.30115874700847e-28,9.399999997946189,10.500000000550951,-1.2332123457661037e-08,-3.5681143958486445e-10
292,2.8376242663059174e-24,9.399999997946434,10.500000000550124,-1.2332123452431667e-08,-3.56811439452542e-10
293,3.2486361543890125e-45,9.399999997958835,10.500000000547242,-1.233212344785409e-08,-3.568114393267444e-10
294,6.301158747084667e-28,9.39999999796815,10.500000000544189,-1.2332123445675309e-08,-3.5681143927346073e-10
295,6.301158747092944e-28,9.39999999797388,10.500000000543956,-1.233212344226346e-08,-3.5681143917369613e-10
296,6.301158747133844e-28,9.399999997978822,10.500000000539298,-1.2332123438579714e-08,-3.568114390843805e-10
297,6.301158747151966e-28,9.399999997986242,10.50000000053802,-1.2332123437920934e-08,-3.568114390648524e-10
298,6.30115874717056e-28,9.399999997995684,10.500000000536982,-1.2332123433200843e-08,-3.5681143894420976e-10
299,6.301158747217838e-28,9.399999998005088,10.500000000532152,-1.2332123429868827e-08,-3.568114388415798e-10
300,6.301158747240866e-28,9.399999998016677,10.500000000530852,-1.23321234255803e-08,-3.568114387451504e-10
301,6.301158747260242e-28,9.39999999802211,10.50000000052911,-1.2332123420329754e-08,-3.5681143862548714e-10
302,2.53238849754945e-45,9.399999998031896,10.500000000527773,-1.2332123415961182e-08,-3.5681143850591653e-10
303,3.2486361542645566e-45,9.399999998031896,10.500000000527773,-1.2332123413025789e-08,-3.5681143843612234e-10
304,6.301158747322977e-28,9.399999998044294,10.500000000524157,-1.2332123409022711e-08,-3.568114383221567e-10
305,6.301158747376181e-28,9.39999999806563,10.500000000520336,-1.2332123405695778e-08,-3.5681143822319943e-10
306,2.5323884974780176e-45,9.399999998075142,10.500000000517012,-1.2332123404391559e-08,-3.568114381971929e-10
307,6.301158747412171e-28,9.39999999808488,10.50000000051293,-1.2332123399055886e-08,-3.568114380487768e-10
308,6.301158747454165e-28,9.39999999808488,10.50000000051293,-1.2332123393535137e-08,-3.568114379035967e-10
309,6.301158747525483e-28,9.399999998107216,10.500000000506867,-1.2332123389454556e-08,-3.568114377781564e-10
310,6.301158747544955e-28,9.399999998115632,10.50000000050556,-1.23321233863019e-08,-3.568114376954185e-10
311,2.532388497422155e-45,9.39999999812051,10.500000000502913,-1.2332123386707628e-08,-3.568114377239529e-10
312,3.2486361541130224e-45,9.39999999812051,10.500000000502913,-1.2332123382178967e-08,-3.5681143760049787e-10
313,6.301158747589541e-28,9.399999998128115,10.500000000501547,-1.2332123381037378e-08,-3.568114375644725e-10
314,6.301158747652239e-28,9.399999998143587,10.500000000495593,-1.2332123372912214e-08,-3.568114373476916e-10
315,6.3011587476769905e-28,9.399999998154115,10.500000000493905,-1.233212336930703e-08,-3.568114372657544e-10
316,6.301158747700199e-28,9.399999998162526,10.500000000492104,-1.2332123363044916e-08,-3.5681143710457993e-10
317,2.532388497350233e-45,9.399999998176947,10.500000000487633,-1.2332123360623249e-08,-3.5681143704389796e-10
318,6.301158747779646e-28,9.399999998187788,10.500000000485407,-1.2332123354099824e-08,-3.568114368625866e-10
319,6.301158747818485e-28,9.399999998200977,10.50000000048226,-1.23321233495106e-08,-3.568114367459541e-10
320,6.301158747861342e-28,9.399999998214575,10.500000000478643,-1.2332123345499475e-08,-3.568114366331002e-10
321,6.3011587479059165e-28,9.399999998224809,10.500000000474294,-1.2332123342043581e-08,-3.5681143654173977e-10
322,6.301158747908731e-28,9.399999998231237,10.500000000474888,-1.2332123339882588e-08,-3.568114364936971e-10
323,6.301158747929976e-28,9.399999998238135,10.500000000473118,-1.2332123335203366e-08,-3.568114363688458e-10
324,6.301158747987929e-28,9.399999998250669,10.500000000467349,-1.2332123329400132e-08,-3.5681143621782246e-10
325,2.532388497237265e-45,9.399999998260629,10.500000000466224,-1.2332123327580282e-08,-3.568114361764105e-10
326,3.2486361538746455e-45,9.39999999826845,10.500000000464246,-1.2332123325222989e-08,-3.5681143611034854e-10
327,6.3011587480415675e-28,9.399999998268505,10.500000000462945,-1.2332123323053102e-08,-3.568114360438366e-10
328,6.301158748057608e-28,9.399999998273666,10.500000000461602,-1.2332123318508347e-08,-3.5681143593184296e-10
329,6.301158748073405e-28,9.399999998282862,10.500000000460897,-1.2332123317767617e-08,-3.5681143590798707e-10
330,6.301158748132274e-28,9.399999998300249,10.500000000455735,-1.233212331041537e-08,-3.5681143571178645e-10
331,6.301158748170283e-28,9.399999998312365,10.500000000452536,-1.2332123307106225e-08,-3.568114356234303e-10
332,2.5323884971262243e-45,9.399999998332461,10.50000000044787,-1.2332123304838506e-08,-3.5681143555466846e-10
333,6.301158748262085e-28,9.399999998342656,10.500000000444963,-1.2332123294206548e-08,-3.568114352927235e-10
334,6.301158748296627e-28,9.399999998347722,10.500000000441164,-1.233212328849924e-08,-3.568114351448898e-10
335,6.301158748345758e-28,9.399999998366082,10.500000000437433,-1.2332123286145759e-08,-3.568114350810116e-10
336,6.301158748377964e-28,9.39999999837661,10.500000000434762,-1.2332123280855403e-08,-3.5681143493039856e-10
337,6.301158748455173e-28,9.399999998403592,10.500000000428619,-1.233212328045518e-08,-3.568114349471142e-10
338,6.301158748487336e-28,9.39999999841239,10.500000000425693,-1.2332123268745585e-08,-3.5681143461221195e-10
339,2.532388497010532e-45,9.399999998424907,10.500000000422043,-1.2332123263650682e-08,-3.568114344862952e-10
340,6.30115874856445e-28,9.399999998436128,10.500000000419076,-1.2332123256214791e-08,-3.568114342861175e-10
341,6.301158748640541e-28,9.399999998458688,10.500000000412417,-1.2332123249267003e-08,-3.5681143409719607e-10
342,2.5323884969380512e-45,9.399999998476934,10.500000000408667,-1.233212324127906e-08,-3.568114338997646e-10
343,6.301158748689696e-28,9.399999998476934,10.500000000408667,-1.2332123241043584e-08,-3.568114338935045e-10
344,6.3011587487443055e-28,9.39999999849157,10.500000000403654,-1.233212323504405e-08,-3.5681143372984185e-10
345,6.301158748763317e-28,9.399999998501496,10.500000000402634,-1.2332123231268189e-08,-3.56811433629303e-10
346,6.301158748805925e-28,9.399999998513351,10.500000000398789,-1.2332123222881715e-08,-3.568114334239306e-10
347,6.30115874884718e-28,9.399999998530918,10.500000000392449,-1.2332123220829143e-08,-3.56811433363381e-10
348,6.301158748887347e-28,9.39999999854062,10.500000000392133,-1.2332123214549452e-08,-3.5681143319024216e-10
349,6.3011587489203095e-28,9.399999998548061,10.500000000388898,-1.2332123210057848e-08,-3.568114330814977e-10
350,2.5323884968315543e-45,9.399999998559323,10.500000000385036,-1.233212320835256e-08,-3.568114330412636e-10
351,3.248636153365089e-45,9.399999998559323,10.500000000385036,-1.2332123204260331e-08,-3.5681143292747666e-10
352,6.3011587489843495e-28,9.399999998568598,10.500000000383526,-1.2332123202932184e-08,-3.568114328853963e-10
353,6.301158749009478e-28,9.399999998576662,10.50000000038142,-1.2332123198018546e-08,-3.568114327715829e-10
354,6.301158749040958e-28,9.399999998585534,10.500000000378595,-1.2332123196249729e-08,-3.5681143271773674e-10
355,6.301158749064701e-28,9.399999998593705,10.500000000376687,-1.233212319251876e-08,-3.568114326115532e-10
356,6.301158749092247e-28,9.399999998601414,10.500000000374207,-1.233212318865629e-08,-3.5681143251066365e-10
357,6.301158749120218e-28,9.399999998610511,10.50000000037188,-1.2332123183911e-08,-3.568114323972605e-10
358,6.301158749138871e-28,9.39999999861629,10.500000000370285,-1.233212318285602e-08,-3.568114323648946e-10
359,6.301158749167426e-28,9.399999998625997,10.500000000367972,-1.2332123178194375e-08,-3.5681143224698494e-10
360,6.3011587491807375e-28,9.399999998634108,10.500000000367432,-1.233212317705681e-08,-3.5681143220893464e-10
361,6.3011587492063645e-28,9.399999998641059,10.500000000365093,-1.2332123172354082e-08,-3.568114320900059e-10
362,6.301158749238353e-28,9.399999998648068,10.500000000361922,-1.2332123170343014e-08,-3.568114320287284e-10
363,6.30115874925647e-28,9.399999998655495,10.500000000360645,-1.233212316675816e-08,-3.5681143194337657e-10
364,6.301158749285981e-28,9.399999998665722,10.500000000358284,-1.2332123162163429e-08,-3.5681143182908006e-10
365,6.301158749314848e-28,9.399999998670355,10.500000000355168,-1.2332123160677733e-08,-3.5681143178586815e-10
366,6.3011587493374085e-28,9.399999998678302,10.500000000353383,-1.233212315593202e-08,-3.56811431657675e-10
367,2.532388496653578e-45,9.399999998684923,10.500000000352053,-1.2332123153261536e-08,-3.568114315962122e-10
368,3.248636153135927e-45,9.399999998694067,10.500000000349905,-1.2332123150670886e-08,-3.5681143151551244e-10
369,2.5323884966152295e-45,9.399999998706543,10.500000000346624,-1.2332123145815481e-08,-3.56811431400938e-10
370,6.3011587494401235e-28,9.399999998715316,10.500000000345379,-1.2332123142579816e-08,-3.568114313136605e-10
371,6.301158749461365e-28,9.39999999872149,10.500000000343501,-1.2332123137124923e-08,-3.5681143117601766e-10
372,2.5323884965843693e-45,9.399999998735298,10.50000000033888,-1.2332123135360554e-08,-3.568114311236935e-10
373,6.3011587495120745e-28,9.399999998735298,10.50000000033888,-1.2332123132543746e-08,-3.568114310541971e-10
374,6.301158749540771e-28,9.399999998743708,10.500000000336353,-1.2332123128846447e-08,-3.5681143095288404e-10
375,6.3011587495581545e-28,9.39999999874928,10.500000000334895,-1.2332123126738817e-08,-3.5681143089778057e-10
376,6.301158749574798e-28,9.3999999987578,10.500000000333976,-1.2332123124075746e-08,-3.5681143082770183e-10
377,6.3011587496222035e-28,9.399999998769315,10.500000000329447,-1.233212312020417e-08,-3.568114307214058e-10
378,6.301158749638925e-28,9.399999998774828,10.500000000328066,-1.2332123116828532e-08,-3.5681143063465773e-10
379,6.3011587496553925e-28,9.399999998783205,10.50000000032715,-1.2332123114597023e-08,-3.5681143057529263e-10
380,2.5323884965108387e-45,9.399999998788447,10.500000000324544,-1.2332123113270146e-08,-3.568114305456597e-10
381,3.248636152975058e-45,9.399999998788447,10.500000000324544,-1.233212311050776e-08,-3.5681143046666066e-10
382,6.301158749697761e-28,9.399999998793001,10.500000000323027,-1.2332123109404288e-08,-3.56811430445101e-10
383,2.5323884964792622e-45,9.399999998806772,10.50000000031971,-1.2332123106708817e-08,-3.568114303726069e-10
384,6.301158749762682e-28,9.399999998812515,10.500000000317385,-1.2332123102282435e-08,-3.5681143025067387e-10
385,6.301158749772541e-28,9.399999998819672,10.500000000317158,-1.2332123098081151e-08,-3.568114301459594e-10
386,6.3011587497964e-28,9.39999999882643,10.500000000315023,-1.2332123097233907e-08,-3.5681143012226235e-10
387,6.301158749818987e-28,9.39999999883317,10.500000000313053,-1.2332123093247134e-08,-3.568114300129951e-10
388,6.30115874984189e-28,9.399999998839233,10.500000000310939,-1.2332123089508966e-08,-3.5681142991927223e-10
389,2.532388496427145e-45,9.399999998844898,10.50000000031057,-1.2332123088634828e-08,-3.568114298922466e-10
390,2.5323884964265968e-45,9.399999998852984,10.500000000307681,-1.2332123087798595e-08,-3.5681142988093737e-10
391,6.301158749882204e-28,9.399999998858029,10.500000000306771,-1.233212308587456e-08,-3.5681142982194285e-10
392,6.301158749895919e-28,9.399999998858716,10.50000000030673,-1.2332123082233165e-08,-3.568114297325213e-10
393,6.301158749919929e-28,9.399999998869129,10.500000000302705,-1.2332123080958804e-08,-3.568114296948813e-10
394,6.3011587499639195e-28,9.39999999887702,10.500000000300501,-1.2332123076590232e-08,-3.568114295737622e-10
395,6.301158749992737e-28,9.399999998887171,10.50000000029822,-1.2332123074903365e-08,-3.5681142954923795e-10
396,6.301158750013866e-28,9.399999998894225,10.50000000029649,-1.233212306939024e-08,-3.568114293868657e-10
397,6.301158750034317e-28,9.399999998898085,10.500000000294369,-1.2332123066824365e-08,-3.5681142933074977e-10
398,2.5323884963534758e-45,9.399999998903848,10.500000000294495,-1.2332123065716446e-08,-3.568114292979405e-10
399,3.248636152778812e-45,9.399999998903848,10.500000000294495,-1.2332123063338825e-08,-3.5681142923659676e-10
400,6.301158750065942e-28,9.399999998911095,10.500000000292147,-1.2332123060567121e-08,-3.5681142916015866e-10
401,6.3011587500848105e-28,9.399999998915714,10.500000000290349,-1.2332123059629032e-08,-3.5681142913243156e-10
402,6.3011587501000055e-28,9.399999998920023,10.50000000028899,-1.2332123056823235e-08,-3.5681142906441085e-10
403,6.30115875012291e-28,9.399999998926843,10.50000000028699,-1.2332123054368534e-08,-3.568114290000628e-10
404,6.301158750128903e-28,9.399999998930719,10.50000000028678,-1.2332123052656257e-08,-3.568114289570759e-10
405,2.5323884962953594e-45,9.399999998940784,10.500000000283622,-1.2332123050583779e-08,-3.5681142889891517e-10
406,2.5323884962953594e-45,9.399999998944384,10.500000000282812,-1.2332123046882245e-08,-3.5681142880836205e-10
407,6.301158750189036e-28,9.399999998949417,10.500000000281648,-1.2332123045522757e-08,-3.5681142876648024e-10
408,6.3011587502017205e-28,9.399999998954563,10.500000000280746,-1.2332123042066651e-08,-3.568114286782234e-10
409,6.301158750225515e-28,9.399999998958164,10.500000000278146,-1.2332123039596068e-08,-3.5681142861414004e-10
410,6.301158750225842e-28,9.399999998963315,10.500000000278876,-1.233212303832573e-08,-3.568114285796896e-10
411,6.301158750255656e-28,9.39999999896956,10.500000000275877,-1.2332123035514851e-08,-3.5681142850735433e-10
412,6.301158750270768e-28,9.399999998973847,10.500000000274525,-1.233212303513284e-08,-3.568114284977524e-10
413,6.301158750299677e-28,9.399999998984443,10.5000000002723,-1.2332123031313568e-08,-3.568114283919792e-10
414,6.301158750313223e-28,9.399999998988772,10.50000000027116,-1.2332123028770775e-08,-3.5681142833074135e-10
415,6.301158750324266e-28,9.399999998991314,10.500000000270084,-1.2332123026674368e-08,-3.568114282779209e-10
416,6.301158750354364e-28,9.399999999002116,10.500000000267733,-1.2332123023931887e-08,-3.568114282003909e-10
417,6.301158750359373e-28,9.399999999005136,10.500000000267525,-1.2332123021638969e-08,-3.5681142814365956e-10
418,6.301158750383733e-28,9.399999999010705,10.500000000265144,-1.233212301979752e-08,-3.5681142809768817e-10
419,6.301158750395048e-28,9.39999999901495,10.500000000264288,-1.2332123018158087e-08,-3.5681142805079696e-10
420,6.301158750401117e-28,9.399999999018457,10.500000000264013,-1.2332123016719825e-08,-3.568114280122636e-10
421,6.30115875042334e-28,9.39999999902368,10.500000000261863,-1.2332123014520504e-08,-3.5681142795269996e-10
422,6.3011587504304465e-28,9.399999999026477,10.500000000261345,-1.2332123014043413e-08,-3.5681142794473917e-10
423,6.301158750433307e-28,9.39999999902983,10.50000000026147,-1.2332123012168929e-08,-3.568114278916474e-10
424,6.3011587504491355e-28,9.399999999032712,10.500000000259814,-1.2332123010641729e-08,-3.568114278534118e-10
425,6.3011587504538295e-28,9.399999999035028,10.500000000259542,-1.2332123009817989e-08,-3.568114278324742e-10
426,6.301158750467358e-28,9.399999999037862,10.500000000258181,-1.2332123009120034e-08,-3.5681142781188735e-10
427,6.301158750479124e-28,9.39999999904039,10.500000000257007,-1.2332123007479966e-08,-3.568114277710445e-10
428,6.301158750478536e-28,9.399999999042866,10.500000000257456,-1.2332123007200022e-08,-3.568114277634675e-10
429,6.301158750490099e-28,9.399999999045379,10.500000000256307,-1.2332123005889874e-08,-3.5681142772885826e-10
430,2.532388496150301e-45,9.39999999904709,10.500000000255715,-1.2332123005356243e-08,-3.568114277141874e-10
431,3.248636152534522e-45,9.39999999904709,10.500000000255715,-1.2332123005008748e-08,-3.568114277083442e-10
432,6.301158750506783e-28,9.399999999048845,10.500000000254625,-1.2332123003607967e-08,-3.5681142766785866e-10
433,6.30115875050543e-28,9.3999999990513,10.500000000255172,-1.2332123003433055e-08,-3.5681142766460287e-10
434,6.301158750520141e-28,9.399999999052818,10.500000000253458,-1.2332123002322594e-08,-3.5681142763071494e-10
435,6.30115875052252e-28,9.399999999054197,10.500000000253475,-1.2332123002230691e-08,-3.5681142763178696e-10
436,6.3011587505242415e-28,9.399999999055016,10.500000000253246,-1.2332123001721201e-08,-3.568114276184396e-10
437,6.3011587505225645e-28,9.399999999055849,10.500000000253593,-1.2332123001815857e-08,-3.5681142761914103e-10
438,2.532388496140557e-45,9.39999999905574,10.500000000254087,-1.2332123001786423e-08,-3.568114276179565e-10
439,6.3011587505137665e-28,9.399999999054371,10.500000000254532,-1.2332123002995562e-08,-3.5681142765328704e-10
440,6.301158750520226e-28,9.399999999052882,10.500000000253456,-1.2332123002565481e-08,-3.568114276406742e-10
441,2.5323884961445104e-45,9.39999999905066,10.500000000254758,-1.2332123003697117e-08,-3.568114276711012e-10
442,6.301158750501128e-28,9.39999999904941,10.500000000255456,-1.2332123004824518e-08,-3.5681142770241495e-10
443,6.301158750486965e-28,9.399999999048433,10.50000000025718,-1.2332123006341342e-08,-3.568114277410145e-10
444,2.8376242677257192e-24,9.399999999044427,10.50000000025655,-1.2332123006426893e-08,-3.5681142773784475e-10
445,3.2486361525391173e-45,9.399999999044427,10.50000000025655,-1.2332123006463103e-08,-3.5681142774080275e-10
446,6.301158750485804e-28,9.399999999042347,10.500000000256419,-1.2332123007818144e-08,-3.5681142777297015e-10
447,6.301158750469604e-28,9.39999999903901,10.500000000258057,-1.2332123008846019e-08,-3.5681142780430375e-10
448,6.30115875045791e-28,9.399999999037103,10.500000000259314,-1.233212301051065e-08,-3.568114278490443e-10
449,6.301158750453389e-28,9.399999999033813,10.500000000259417,-1.2332123010725585e-08,-3.5681142785619776e-10
450,6.301158750442443e-28,9.399999999029358,10.500000000260194,-1.2332123012703195e-08,-3.5681142790429996e-10
451,6.301158750432192e-28,9.39999999902755,10.500000000261275,-1.2332123014349404e-08,-3.56811427942701e-10
452,2.5323884961894075e-45,9.399999999018107,10.500000000262649,-1.233212301516192e-08,-3.56811427968959e-10
453,6.301158750381468e-28,9.399999999014108,10.500000000265954,-1.2332123019238054e-08,-3.568114280779351e-10
454,2.5323884962036343e-45,9.399999999003613,10.500000000266423,-1.233212302186301e-08,-3.5681142814266695e-10
455,2.5323884962094836e-45,9.39999999899665,10.500000000269766,-1.2332123025552685e-08,-3.5681142823840814e-10
456,2.532388496219373e-45,9.399999998991191,10.500000000270196,-1.2332123027150824e-08,-3.5681142828491554e-10
457,6.3011587503232805e-28,9.399999998986265,10.500000000273277,-1.2332123030913768e-08,-3.5681142837265624e-10
458,6.30115875029435e-28,9.399999998980237,10.500000000273596,-1.2332123031468786e-08,-3.568114283778443e-10
459,6.301158750286739e-28,9.399999998979597,10.50000000027328,-1.2332123032182623e-08,-3.5681142837770535e-10
460,6.301158750264192e-28,9.399999998975282,10.500000000275609,-1.2332123032979681e-08,-3.568114283895903e-10
461,6.301158864946158e-28,9.400000007006971,10.499999986341285,-1.2332256741180705e-08,-3.5681494105361243e-10
462,6.301166824185225e-28,9.400000565740477,10.499999019459022,-1.2334849472176788e-08,-3.5689447099865293e-10
463,6.301214092410326e-28,9.400003883979196,10.499993277380366,-1.2332563619622533e-08,-3.568305265687518e-10
464,6.3013392838671805e-28,9.400012672376215,10.499978069476763,-1.2338402315861806e-08,-3.5704976192396367e-10
465,6.301933301961529e-28,9.400054150184143,10.49990588030566,-1.2322254622552399e-08,-3.566678558556797e-10
466,2.1471300592814033e-45,9.400111624298397,10.499770167606812,-1.2315603401440497e-08,-3.5658388711347155e-10
467,6.202653067474496e-28,9.400139692047624,10.499679904003331,-1.2330007045597879e-08,-3.5727896481328597e-10
468,6.192747122370095e-28,9.400141408277298,10.499673992604244,-1.2363840685407407e-08,-3.5871856747579076e-10
469,6.193732308733868e-28,9.40017673931043,10.49954742532314,-1.237658359390557e-08,-3.5952604501132985e-10
470,2.146909179710569e-45,9.40026741936592,10.49920691262617,-1.2351538953013546e-08,-3.5906487949486026e-10
471,6.371204167137883e-28,9.400325780066177,10.498988099710408,-1.2304235791590493e-08,-3.5856043488701294e-10
472,2.1466102023308827e-45,9.400477122210859,10.498440028075322,-1.2442898379008123e-08,-3.6422882299383693e-10
473,2.1463200179788736e-45,9.400570655824168,10.498107214769965,-1.2516489273370015e-08,-3.67686710642173e-10
474,2.194591303976935e-45,9.400675349036113,10.497733110979441,-1.2638047713454524e-08,-3.730597706309146e-10
475,9.965984912348611e-28,9.400790361708506,10.497314898979104,-1.2510820010901057e-08,-3.7083961641404827e-10
476,1.0912289337884947e-27,9.400907604405692,10.496876590986677,-1.2538348186405132e-08,-3.7312837007258625e-10
477,2.194390939386579e-45,9.401027205943855,10.49638081483021,-1.2681139420145475e-08,-3.783551441628925e-10
478,2.2083148463032657e-45,9.401136646963135,10.49577783302723,-1.2869059422496232e-08,-3.8663176862654865e-10
479,2.2080897854583392e-45,9.401224871001228,10.495020733271065,-1.3002247007636977e-08,-3.9337323480144925e-10
480,2.2108098444198626e-45,9.401288521888752,10.494003632219268,-1.2999282798948012e-08,-3.957531477550804e-10
481,2.0839842532976675e-27,9.401288521888752,10.494003632219268,-1.2910969493230669e-08,-3.953640531623237e-10
482,2.7323286129088804e-27,9.401291824587947,10.491277196631323,-1.266367604309074e-08,-3.9459294800939946e-10
483,3.06828485878518e-27,9.401217575380393,10.489555349820096,-1.3192385517787373e-08,-4.204148663059042e-10
484,3.187560291010878e-27,9.40107391468592,10.487435421960074,-1.3897349701176207e-08,-4.552100616038664e-10
485,3.357454120773951e-27,9.400855723306542,10.484994303730433,-1.2979712431950608e-08,-4.2697779235559117e-10
486,3.5752830992646405e-27,9.400556846686634,10.482226026681987,-1.395994238039927e-08,-4.754539201366003e-10
487,3.58974232454525e-27,9.400172851319526,10.479129496750915,-1.4639879865377314e-08,-5.145860700231768e-10
488,3.6746214858999576e-27,9.39970114529349,10.475708269013353,-1.497986121626251e-08,-5.414420396722373e-10
489,3.621372940148562e-27,9.399140694350425,10.471970360323272,-1.517024319171154e-08,-5.63476658333544e-10
490,3.639299511476174e-27,9.398492110170938,10.467928213923129,-1.5457723687613253e-08,-5.913725200926635e-10
491,3.597269265098235e-27,9.397074548572759,10.459739125080587,-1.5757736071098592e-08,-6.205851860279495e-10
492,3.472789206127874e-27,9.396191160728737,10.454924901351784,-1.5326141262579522e-08,-6.344424922001845e-10
493,3.293598989903665e-27,9.394265223226471,10.444903157141564,-1.7246686194852274e-08,-7.702347316061808e-10
494,3.1398865211163216e-27,9.392046656842874,10.43386605705277,-1.833646285146761e-08,-8.749973119923855e-10
495,3.021979587587239e-27,9.390863342111203,10.428119918085077,-2.3632221432105775e-08,-1.1953072355498243e-09
496,2.9840915409340658e-27,9.388383378427692,10.416280157053967,-2.068184208640928e-08,-1.088816716672947e-09
497,3.0044562743183315e-27,9.38600187905278,10.40507784226551,-2.740084991694488e-08,-1.5238252345938825e-09
498,2.668731366319739e-27,9.384683356011575,10.398918103376364,-2.9799073069709158e-08,-1.752651224032969e-09
499,2.7065668583057226e-27,9.382086645657486,10.386835815844027,-3.840688880605807e-08,-2.3582510428330376e-09
500,2.7265020118732274e-27,9.38074650571485,10.38061304131312,-3.94513712584595e-08,-2.544135080244288e-09
501,2.674616471913383e-27,9.378069991837991,10.368188565196162,-3.747989069103506e-08,-2.5183404341220266e-09
502,2.692942476788063e-27,9.37680931923082,10.362331774772407,-3.950780424507897e-08,-2.714422326992678e-09
503,1.3606399926743074e-44,9.375556136219382,10.356503653168552,-4.864571578127783e-10,-3.3826371495687135e-11
504,1.360639992682457e-44,9.374312000445906,10.35071092722294,-5.400759427279744e-10,-3.843210741901816e-11
505,2.5064166778149928e-27,9.374312000445906,10.35071092722294,-5.306265804201618e-10,-3.885032605071979e-11
506,2.5025455028978296e-27,9.37307814801117,10.344959621778832,-5.111233582677521e-10,-3.7670036475543994e-11
507,2.5375715765485064e-27,9.370511020280532,10.332977650011594,-5.30889510509028e-10,-4.067975397305005e-11
508,2.480927815367752e-27,9.367997714077884,10.321247714657233,-5.336271162977496e-10,-4.246841829978459e-11
509,2.461512292096471e-27,9.366761253891811,10.315488860286175,-4.929238235335882e-10,-4.116131561997193e-11
510,2.353542153410976e-27,9.365601901425068,10.310103430659279,-5.512297124140337e-10,-4.5974684550955577e-11
511,2.36791253552857e-27,9.364454036355982,10.304789617014354,-5.329278460717588e-10,-4.57405813237334e-11
512,2.304035871502501e-27,9.363317473829026,10.299550251140655,-4.989065457338317e-10,-4.45151744218333e-11
513,2.2369671432715138e-27,9.362192053152974,10.294388175485102,-4.949700380079656e-10,-4.5004284302123135e-11
514,2.2457008771725065e-27,9.361016105497237,10.289025764941151,-4.925584580684708e-10,-4.560633853757078e-11
515,2.233639330111166e-27,9.359852551433663,10.28375449035777,-4.916119394249524e-10,-4.628084775192765e-11
516,2.1413605472296257e-27,9.358701493327287,10.27857654085663,-4.862147341625816e-10,-4.666274055058685e-11
517,3.542352602005598e-44,9.356437291108731,10.26850910790322,-4.851989541672867e-10,-4.729902480471603e-11
518,2.1731128630345767e-27,9.355324156810427,10.263623474647016,-4.858381076360796e-10,-4.87283307984426e-11
519,2.0852853185553045e-27,9.354223639464589,10.258838698240698,-4.723499351950361e-10,-4.84645037441361e-11
520,2.0684853146090946e-27,9.35313586564467,10.25415612678438,-4.713788832176516e-10,-4.903531084874321e-11
521,2.0791032794883544e-27,9.352061067406204,10.24957690434561,-4.703409211491766e-10,-4.958651664839882e-11
522,2.0833810842452404e-27,9.351055009686766,10.245334913443987,-4.899505518097154e-10,-5.15248694622952e-11
523,4.647747943911326e-44,9.349079460189706,10.237134313924692,-4.706137310099579e-10,-5.0743196306362244e-11
524,2.04429269108137e-27,9.348110755470085,10.233176674555219,-4.5595118821225796e-10,-5.080031516085409e-11
525,2.0536086532003677e-27,9.34710269572553,10.229102982119535,-4.547352332747643e-10,-5.125552185433047e-11
526,6.227840896601927e-44,9.345133274915945,10.221278657727654,-4.5188284942461603e-10,-5.1553179973759756e-11
527,1.879017919900872e-27,9.344172905214345,10.217530808267547,-4.583618988318533e-10,-5.307610283311095e-11
528,1.8872393531083635e-27,9.342303443761121,10.210374219630014,-4.614807224473386e-10,-5.428337255703764e-11
529,1.893928102622573e-27,9.341442999810965,10.207146388440536,-4.499609358380598e-10,-5.383390695504131e-11
530,1.900410882642203e-27,9.340599688166145,10.204025139724596,-4.4568671793909295e-10,-5.39187960909237e-11
531,1.9070255245561037e-27,9.339729048720535,10.200847527222514,-4.4246922203855546e-10,-5.409281157976905e-11
532,1.9134002391688544e-27,9.33887930902779,10.19779177432094,-4.5643564882604375e-10,-5.560573938746699e-11
533,1.919529843110326e-27,9.338051143965528,10.194859384346334,-4.37183232806987e-10,-5.447569731632363e-11
534,1.9244466325341904e-27,9.337245285859106,10.192051691459412,-4.3505390146646473e-10,-5.468103955272994e-11
535,9.820745364595709e-44,9.336462428914913,10.189369817613809,-4.207208199213063e-10,-5.3521544688985667e-11
536,9.820752809275731e-44,9.33570310653047,10.186814602563203,-4.1949699155168834e-10,-5.3788029992216013e-11
537,1.6890572494068884e-27,9.334967675849091,10.184386689530637,-4.1596100672361455e-10,-5.415785476418467e-11
538,1.6782895169285285e-27,9.33356981297618,10.179913817207265,-4.2367649546582814e-10,-5.539347460562719e-11
539,1.6783241658002228e-27,9.332368384726832,10.176245645344821,-4.2092735757877776e-10,-5.542127828921525e-11
540,1.680449824497849e-27,9.332335259758782,10.176147165832576,-4.082678881127632e-10,-5.4616204363713145e-11
541,1.68354522640794e-27,9.3317503593271,10.17443403984438,-4.064894568491102e-10,-5.469984810298594e-11
542,1.6779729084479835e-27,9.331186959584771,10.172833149213957,-4.0432096044873084e-10,-5.473982153945155e-11
543,1.6483397690443396e-27,9.33061552140129,10.171263598687222,-4.0313141496753464e-10,-5.485453419868006e-11
544,1.6528373390050955e-27,9.329544281694911,10.168490026860097,-4.163004284877281e-10,-5.634094629947366e-11
545,1.5882068095949767e-27,9.32904399024665,10.167283336999606,-4.011793565485588e-10,-5.524574270446064e-11
546,1.590009282430157e-27,9.328566791466594,10.166195039804377,-4.0650506228874754e-10,-5.5847627782872605e-11
547,1.5916106415040694e-27,9.32772455450803,10.164453873778829,-4.0097779860193336e-10,-5.5532187156407566e-11
548,1.5930121708760796e-27,9.327680087977217,10.164369339537737,-4.0019886690742445e-10,-5.5596545636646496e-11
549,1.5208815362124007e-27,9.327269625189007,10.16362983681345,-4.0408753664628616e-10,-5.60357095513342e-11
550,1.5204282785492617e-27,9.32688045392472,10.163004497782683,-3.9886345067190834e-10,-5.5702688501272304e-11
551,1.5217369503090683e-27,9.32619934332722,10.162128016798878,-3.9958370993391464e-10,-5.5906261208075316e-11
552,1.5221445117981406e-27,9.325885379515771,10.161838797727869,-3.9626022754479603e-10,-5.5696426136278384e-11
553,1.5223898550196942e-27,9.325588434225105,10.161647376319861,-3.979007642685664e-10,-5.5874684949186935e-11
554,1.5132118837466616e-27,9.325292966954756,10.161549772872938,-3.9724390576946914e-10,-5.585841715223702e-11
555,1.5131226319363986e-27,9.325015515251946,10.161557902665923,-3.9666633893034035e-10,-5.583656198599082e-11
556,1.4698462922404307e-27,9.324755455786073,10.16166985137693,-3.9496633026041623e-10,-5.569493908283984e-11
557,1.4694275843185975e-27,9.324512312803542,10.161883934201741,-3.958503406554731e-10,-5.5800658853170946e-11
558,1.4688480596427289e-27,9.324285818725647,10.162198066634016,-3.958901140715189e-10,-5.5796009867736264e-11
559,1.4681110908699609e-27,9.324075856013577,10.162610287665585,-3.94977369376206e-10,-5.567992755157667e-11
560,1.4348927571864803e-27,9.323882310123471,10.16311852991903,-3.961476124153058e-10,-5.5768830870741664e-11
561,1.433880172575585e-27,9.323705126212534,10.163720697489971,-3.943612285247339e-10,-5.5553501200794684e-11
562,1.4327250564188386e-27,9.323544194145395,10.164414739050411,-3.9417118970753563e-10,-5.5484454926243605e-11
563,1.4314842843825005e-27,9.323406495549131,10.165155224809725,-3.9850979400411354e-10,-5.5834577481991424e-11
564,1.4300609241101926e-27,9.323276521930786,10.166022793689836,-3.9764564909524145e-10,-5.567380616158158e-11
565,1.4285892215191819e-27,9.323167868395078,10.166924770770597,-3.984931290571258e-10,-5.567100061572428e-11
566,1.4269080689296968e-27,9.32306840016552,10.167960075863789,-3.99175160747592e-10,-5.5637840551369976e-11
567,1.4250987554535942e-27,9.32298442368362,10.169079201626014,-3.9524862195198485e-10,-5.517755147611854e-11
568,1.4231639633838134e-27,9.322915767255981,10.170280697966092,-3.9564066192699596e-10,-5.510007151075569e-11
569,1.4077226528219736e-27,9.322862225410828,10.171563017897736,-3.9582431587599903e-10,-5.499407377729521e-11
570,1.3457381758570395e-27,9.322823623498794,10.172925048718648,-3.9603220577425607e-10,-5.488072541048915e-11
571,1.343562242903444e-27,9.322799467160323,10.174365423445774,-3.9626106531352557e-10,-5.475986516655741e-11
572,1.1213695196607723e-43,9.322789280390012,10.175882940434018,-4.0367041518054003e-10,-5.542871581872129e-11
573,1.3396734987213944e-27,9.322792612814364,10.177476021026994,-4.042763386137855e-10,-5.532932519940662e-11
574,1.3372854870581652e-27,9.322792612814364,10.177476021026994,-4.126574119601235e-10,-5.590221990472921e-11
575,1.3347933712516593e-27,9.32280911395171,10.179143214422709,-4.0613900736906597e-10,-5.515772318281462e-11
576,1.3323391866026544e-27,9.322836669958383,10.18078942011583,-4.061100915572727e-10,-5.4971315771214433e-11
577,1.329796714977218e-27,9.322875779331415,10.182499240875343,-4.0924208025429216e-10,-5.5078923581244886e-11
578,1.3271680442813937e-27,9.322926306370553,10.184271206121869,-4.108984039592539e-10,-5.503536340800714e-11
579,1.3222252787370384e-27,9.322987983834876,10.186103854034393,-4.11055395446421e-10,-5.483950823097115e-11
580,1.250702489137067e-27,9.323064861693144,10.188102313199531,-4.1232224731173743e-10,-5.473343374942614e-11
581,1.2478280702339209e-27,9.323153663016019,10.190164335957192,-4.1361725548752365e-10,-5.4620800679034437e-11
582,1.2448761021998259e-27,9.323254362673827,10.192287665286633,-4.0511034465536827e-10,-5.367170656121689e-11
583,1.2418505463786192e-27,9.323366949964779,10.19446981137206,-4.152014298169581e-10,-5.4285091920708494e-11
584,1.2387550767374427e-27,9.323491597827505,10.196708508264846,-4.1599324257969084e-10,-5.4105469694501743e-11
585,1.2448807738878006e-27,9.32362838722494,10.199001313363548,-4.0668992738901253e-10,-5.308001280045577e-11
586,1.2323694922798658e-27,9.323777442847948,10.20134608920948,-4.062388591184599e-10,-5.277092346424231e-11
587,1.2290863225865725e-27,9.323938956871158,10.203740662140575,-3.9813979900978826e-10,-5.186213395191622e-11
588,1.225747059576198e-27,9.324113162786883,10.206183215158681,-4.091200573874077e-10,-5.249238258482066e-11
589,1.222534505264854e-27,9.324289987606019,10.208539801149257,-4.251883655902123e-10,-5.355440908813107e-11
590,1.2250583481124527e-27,9.324677813337635,10.213372053715624,-4.157004800902001e-10,-5.222914802344828e-11
591,1.2180719804053098e-27,9.325123214719417,10.218495314596813,-4.19260809113746e-10,-5.1936846891067266e-11
592,7.863221658693288e-44,9.325629289961471,10.223910579070244,-4.338973485018389e-10,-5.2782590221454506e-11
593,1.26916063969251e-27,9.32590032325251,10.226672834838766,-4.367049398523305e-10,-5.27017635167373e-11
594,1.2652619264465158e-27,9.32590032325251,10.226672834838766,-4.360604744884719e-10,-5.230989781935397e-11
595,1.261326828789438e-27,9.32618309022999,10.22946948796961,-4.388950086789356e-10,-5.22171223961847e-11
596,1.2573580577593092e-27,9.326477366328156,10.232298839172232,-4.399983060251509e-10,-5.196650030005511e-11
597,1.2533584072938065e-27,9.326782931929085,10.235159115746956,-4.4177560700058125e-10,-5.17602392957476e-11
598,1.2493306683780414e-27,9.327099433638967,10.238048508577304,-4.452303921702415e-10,-5.169030988135561e-11
599,1.2452776550286642e-27,9.327426458710464,10.240965165091687,-4.3241459008116806e-10,-5.0384201272111635e-11
600,1.241417506568413e-27,9.327745753350156,10.243751569191954,-4.480556936203907e-10,-5.1194223379454134e-11
601,1.2375400399726592e-27,9.328074056274534,10.246558883034794,-4.508387961894404e-10,-5.1058296288675824e-11
602,1.233647624731981e-27,9.328411059612133,10.249385505082845,-4.5366923070549265e-10,-5.091958161762061e-11
603,1.2297423013776362e-27,9.32875645038046,10.252230052263199,-4.5654344426126205e-10,-5.077789881384229e-11
604,1.2254125565655e-27,9.329129847991,10.255250338609676,-4.5687930263472076e-10,-5.0411146895038593e-11
605,4.51529522199778e-44,9.329902785873015,10.261338279076323,-4.5816278236605995e-10,-5.0125475396793904e-11
606,1.2129666680725538e-27,9.330301620117122,10.264402796959347,-4.6076087265098515e-10,-4.9544657991598745e-11
607,1.2088097709281698e-27,9.33070828809568,10.267479338624748,-4.6207366384328007e-10,-4.924971008215409e-11
608,1.2046512907929874e-27,9.33112251372572,10.270566941598787,-4.6382227615848884e-10,-4.938643278380562e-11
609,1.2533781436303404e-27,9.331544217575985,10.273664664543064,-4.493407997066907e-10,-4.760844324460032e-11
610,1.2490194134500137e-27,9.33197345510235,10.27677160632452,-4.693376326837035e-10,-4.858121645478693e-11
611,1.2446631229824581e-27,9.332410323211429,10.279886964509794,-4.7144782912743e-10,-4.8322642586693315e-11
612,1.2405394323501294e-27,9.332831437158832,10.282845437543688,-4.744216295649937e-10,-4.8138637072793454e-11
613,1.2636513401844864e-27,9.333259809117653,10.285810183360018,-4.607305332985874e-10,-4.6863796975568724e-11
614,1.2591800605795734e-27,9.333720016614938,10.288945633482244,-4.6283967771816877e-10,-4.6603410398272075e-11
615,1.2547255250574018e-27,9.334188620297487,10.292086567929497,-4.6329241757711435e-10,-4.621854734963745e-11
616,1.2234042579265808e-27,9.334665756778357,10.295232334911832,-4.6539078619493463e-10,-4.595079053845181e-11
617,3.132685681861687e-44,9.33515153012526,10.298382265249515,-4.840194975712166e-10,-4.714224966369173e-11
618,3.038865524548819e-44,9.335645877007433,10.301535685946241,-4.835520994187938e-10,-4.668399851389364e-11
619,1.2147763955057355e-27,9.335645877007433,10.301535685946241,-4.686441666443569e-10,-4.534498295149295e-11
620,1.2104783292572367e-27,9.336148609483415,10.304691741785941,-4.875563524945956e-10,-4.610745966733713e-11
621,1.2061927656820985e-27,9.33665954643669,10.307849279746227,-4.886502715249738e-10,-4.57521606833193e-11
622,1.2019216549060952e-27,9.337178466733281,10.31100684184201,-5.072042451045389e-10,-4.643787058706944e-11
623,1.1976670673346715e-27,9.33770518560708,10.314162864312,-4.915249090859614e-10,-4.5075034573036585e-11
624,1.1435195480705513e-27,9.338211161430722,10.317149742064899,-5.117089729765204e-10,-4.5850434242174114e-11
625,1.1397088617529203e-27,9.338723744376132,10.320132126807358,-4.969124865587994e-10,-4.458017532949449e-11
626,1.135917982779358e-27,9.33924273903211,10.323108525537307,-4.995757526034558e-10,-4.432604641133644e-11
627,1.1319398337981356e-27,9.3397974044893,10.326242264755143,-4.842217796433241e-10,-4.302956715801499e-11
628,1.1279873594199393e-27,9.340358922647994,10.32936632607225,-5.014385453810026e-10,-4.3558871466025366e-11
629,1.1240620050469942e-27,9.340927112941895,10.332479448175015,-5.036532366820565e-10,-4.325978813325127e-11
630,1.1201650160426207e-27,9.341501940385259,10.335580533149114,-5.04313673139829e-10,-4.2864218299483106e-11
631,1.0658423942113048e-27,9.342083458301254,10.338668669611016,-5.035118339211837e-10,-4.2381412919100826e-11
632,1.062169612143721e-27,9.342671783123878,10.341743027003048,-5.041184750086987e-10,-4.198456066076463e-11
633,1.058717674279817e-27,9.34323539287704,10.344642110795904,-5.05566813188646e-10,-4.165498567482132e-11
634,1.027418086178247e-27,9.343836903625037,10.34768727015424,-5.069739223061254e-10,-4.1299477243316396e-11
635,1.0240942282411031e-27,9.344413076550108,10.350557274448384,-4.914184206569253e-10,-4.009426095705207e-11
636,1.0111425778362621e-27,9.345028285439529,10.353570275278923,-4.92843557671639e-10,-3.975075923584938e-11
637,1.0076014355162278e-27,9.345651076596258,10.356565770303174,-5.126772041705742e-10,-4.034839787959785e-11
638,1.4190743495478256e-44,9.346281903703572,10.359543036198943,-5.288558722279169e-10,-4.11307994937213e-11
639,1.8954211929315893e-44,9.34692132983705,10.362501335843294,-5.125252173159543e-10,-3.946512019162822e-11
640,9.942327074449967e-28,9.34822778853214,10.368358473739852,-4.980159340307984e-10,-3.7941892478052705e-11
641,1.2937365488135853e-44,9.349501208686405,10.37383078250278,-5.144008896851943e-10,-3.831189713284748e-11
642,9.850727044916852e-28,9.350151344994751,10.376537911787093,-5.171116829441328e-10,-3.803630169809185e-11
643,3.6231268732691084e-24,9.35084738991907,10.379373714781982,-5.189312525392807e-10,-3.7718962286411244e-11
644,1.2822903908237978e-44,9.351553412132972,10.38218673010483,-5.358070666565964e-10,-3.803753370319823e-11
645,9.757208834264775e-28,9.35226941356986,10.384976344789346,-5.209133143524197e-10,-3.654632959728322e-11
646,9.726779950980997e-28,9.352995471803068,10.387741814799613,-5.372229705381841e-10,-3.6813687430185684e-11
647,9.667067715719604e-28,9.354477719354401,10.39319782176301,-5.21206723500618e-10,-3.5320176500531576e-11
648,9.611926667471248e-28,9.355917460197928,10.398271175137248,-5.087630538619271e-10,-3.406376123394873e-11
649,9.58488621677834e-28,9.356649473160772,10.400771598947914,-4.804738682265688e-10,-3.120293639799355e-11
650,9.558202239892697e-28,9.3573890463695,10.403247235733637,-4.66837240341335e-10,-2.998999809852789e-11
651,9.53039594374321e-28,9.358177526891126,10.405833204407223,-5.072809771135795e-10,-3.240579059054984e-11
652,9.24253311750366e-28,9.35897366202463,10.40839092097436,-5.13499214229948e-10,-3.272103789770594e-11
653,8.430673420775781e-28,9.35977708802053,10.410919987800698,-4.859258581279087e-10,-3.036870987064799e-11
654,8.116939619607365e-28,9.360587398508471,10.413420028252448,-4.773547221716735e-10,-2.951017954964008e-11
655,8.083836641103527e-28,9.361404121504192,10.415890428480889,-4.249062809231707e-10,-2.582313751883427e-11
656,8.062902090209467e-28,9.362183088662933,10.418202889694415,-4.1483513536568303e-10,-2.4931619566956903e-11
657,8.04228284126385e-28,9.362966417369005,10.42048764078984,-4.053731854244406e-08,-2.4092146694769883e-09
658,8.0219807996437945e-28,9.363753430760902,10.422744187044607,-4.355441332077083e-10,-2.576702299751763e-11
659,8.001999014526488e-28,9.364543531341122,10.424971912990326,-4.2520606613635733e-10,-2.4877785496244238e-11
660,7.981259482181135e-28,9.365380228978113,10.427291304721788,-4.174261057874137e-10,-2.4146092396541915e-11
661,7.960886515322563e-28,9.366219230937213,10.429576935598234,-4.0990475301475597e-10,-2.344274062668597e-11
662,7.940884931571775e-28,9.367060172112229,10.431828006804125,-4.04881251203099e-08,-2.290308786055583e-09
663,7.921261373998519e-28,9.367902868120254,10.434043549318314,-3.9997842705332006e-08,-2.2378663908043394e-09
664,7.90165273333065e-28,9.368747176442918,10.436222628517413,-3.948154733505943e-08,-2.184706397850669e-09
665,7.699180221258782e-28,9.369548281474923,10.438252546709402,-3.6081739002307633e-08,-1.9623605845693167e-09
666,6.8118969881713425e-28,9.371153148484806,10.442208647899536,-3.7567709696306755e-08,-2.0122960666673363e-09
667,6.718333994047908e-28,9.371956372430502,10.444133551907901,-3.696944912034036e-08,-1.958890967127683e-09
668,6.703488834583258e-28,9.372804288975704,10.446126361788737,-3.932386262685366e-08,-2.0748746361196952e-09
669,6.67483902989552e-28,9.37449869978318,10.449990836885389,-3.804510219292596e-08,-1.9632101059133933e-09
670,6.6475733976987976e-28,9.37618810781535,10.453692207836719,-3.529526898080157e-08,-1.790562329185371e-09
671,6.6344573844208075e-28,9.377030025716163,10.455481314596183,-3.466431999834238e-08,-1.7220329721808781e-09
672,6.621685290912007e-28,9.377869686863596,10.457229151609381,-3.4475927955320045e-08,-1.695441487761621e-09
673,6.609257080497724e-28,9.378706790102074,10.458935451046898,-3.406620416957476e-08,-1.6575064278153333e-09
674,6.597173377863339e-28,9.379541154004661,10.460599903989761,-3.36716584929648e-08,-1.621054840427886e-09
675,6.58604353157491e-28,9.380328948983337,10.462137953135722,-3.321321089829349e-08,-1.5825950485024912e-09
676,3.832857495941015e-45,9.381896366660266,10.465100361948558,-3.2652869384547184e-08,-1.5395890804483477e-09
677,7.639176669424099e-45,9.383495421072581,10.467986810723595,-3.184435154811577e-08,-1.471549091956074e-09
678,6.54405407636047e-28,9.383495421072581,10.467986810723595,-3.1533783909065276e-08,-1.4425799185373013e-09
679,6.533950741362513e-28,9.384311733125942,10.46940679180019,-3.1381672791506375e-08,-1.421999773236043e-09
680,6.523985506505083e-28,9.385124846589568,10.470784597287738,-3.1030983324405625e-08,-1.3922675822691944e-09
681,6.514555181919149e-28,9.38593478148545,10.472120197506932,-3.0985598127798486e-08,-1.3779517665823222e-09
682,6.493718511152719e-28,9.387544396056068,10.474665106150704,-3.164797736053504e-08,-1.389411649177984e-09
683,6.4614359921900235e-28,9.388343236130112,10.47587472040318,-3.026321874866122e-08,-1.3091607306545379e-09
684,3.4716624056062146e-45,9.389926390232255,10.478168929186388,-2.8926485116553947e-08,-1.2325531121140634e-09
685,6.3364233649416305e-28,9.390668738143114,10.47919786474097,-2.9488508813844207e-08,-1.242100938816535e-09
686,6.095530520144007e-28,9.391405753939026,10.480189852690536,-2.9405165949602795e-08,-1.2289584156500229e-09
687,6.089318320574054e-28,9.392137024780673,10.481144947971007,-2.9172818027332424e-08,-1.2093277563057026e-09
688,5.790486917118813e-28,9.393620844323753,10.48299213141889,-2.8597446222847888e-08,-1.166009231216534e-09
689,5.596652866950013e-28,9.394372152829131,10.4838800363393,-2.8432366473450234e-08,-1.1503682943082466e-09
690,5.525497919995717e-28,9.395116019424362,10.484727143641335,-2.836940336190593e-08,-1.1399264104008486e-09
691,5.520908127821492e-28,9.39585252734397,10.485533804246389,-2.9043200259315393e-08,-1.164663022407561e-09
692,5.504134220020482e-28,9.396581863184526,10.486300130887367,-2.7925006206877265e-08,-1.1055601862467845e-09
693,5.496168234414616e-28,9.398019548090279,10.487713187962836,-2.8439698806638606e-08,-1.1169676207297473e-09
694,5.49261902127792e-28,9.398728156260319,10.4883609300039,-2.7811271786914665e-08,-1.0808171208004569e-09
695,5.487513783814845e-28,9.399430105010145,10.488970067759132,-2.7689918565910572e-08,-1.0694634462570251e-09
696,5.484614106816769e-28,9.400089023928109,10.4895119245139,-2.756114339493772e-08,-1.058282687571662e-09
697,5.466175303346705e-28,9.400742006971651,10.490020044504128,-2.766468378240737e-08,-1.0572641575534078e-09
698,5.3899553164846175e-28,9.40142477142066,10.490520484899804,-2.7582834147540165e-08,-1.0484398981649132e-09
699,5.387612393392902e-28,9.40210077062394,10.490984545486786,-2.7507803520263926e-08,-1.0401868411837359e-09
700,5.201438688959596e-28,9.402769786601949,10.4914128432622,-2.6993064468027793e-08,-1.0115782537441915e-09
701,4.953242396494115e-28,9.404051743199222,10.49214639563657,-2.737750296101972e-08,-1.0253348479916875e-09
702,4.773909633124628e-28,9.404732738060238,10.49248853612759,-2.7311765178019162e-08,-1.014449708295898e-09
703,4.705149972953525e-28,9.40537175260503,10.492778888781478,-2.703604417747776e-08,-9.99238931356438e-10
704,4.690360500969892e-28,9.406002906110515,10.493035838755533,-2.7012266406327782e-08,-9.948144809796952e-10
705,4.68963826820509e-28,9.406626070105014,10.493259833479758,-2.719806944295886e-08,-9.991155343224136e-10
706,4.6890901687772425e-28,9.407240977412167,10.493451188488203,-2.7199147966747404e-08,-9.980401219329268e-10
707,4.6886718765170585e-28,9.40781556016012,10.493602665818097,-2.6906760971515947e-08,-9.812782149639156e-10
708,4.6884687269006835e-28,9.408382093053696,10.493725422535308,-2.6713987733129584e-08,-9.689949119521513e-10
709,4.687331120282045e-28,9.408940339539974,10.493819764885028,-2.6871774527488926e-08,-9.748593487140661e-10
710,4.624286092777104e-28,9.409490124348308,10.493886048700212,-2.688038867023273e-08,-9.730206596333245e-10
711,4.480445281142582e-28,9.410061003636764,10.493925994430878,-2.689161613183791e-08,-9.714832134994795e-10
712,4.105634832546277e-28,9.410621816991775,10.49393567463602,-2.6909371351293695e-08,-9.704285273444543e-10
713,4.037214038332516e-28,9.411172194889993,10.493915636517812,-2.7178696909118494e-08,-9.798186908311525e-10
714,4.020552729411725e-28,9.41171187481112,10.493866271638867,-2.7209468675767934e-08,-9.797954967367118e-10
715,4.021321470199665e-28,9.412240675037424,10.49378803915201,-2.7251774705160764e-08,-9.789911090505608e-10
716,4.022218190976427e-28,9.412758341086505,10.493681500267622,-2.7278931197638677e-08,-9.807120460983006e-10
717,4.023240167906538e-28,9.413264631211872,10.493547201670495,-2.7371804047617802e-08,-9.823898150847803e-10
718,4.0243218820671354e-28,9.413733480810915,10.493394755135288,-2.7362234666863063e-08,-9.829083285858782e-10
719,4.0255121599106067e-28,9.41419145640318,10.493218128273288,-2.7413448187218864e-08,-9.846340620965952e-10
720,4.026808803934974e-28,9.414638195959075,10.493017740982792,-2.7147069990035915e-08,-9.751218130944639e-10
721,4.0282093707090585e-28,9.415073404522788,10.492794075475542,-2.7461632706123405e-08,-9.85313571865747e-10
722,4.0297966949529548e-28,9.415519937951341,10.492533488221602,-2.7383565342116117e-08,-9.8372572594956e-10
723,4.0314916323498087e-28,9.415952855095801,10.492248589259587,-2.7450856410752302e-08,-9.869805092697991e-10
724,3.876406237118414e-28,9.416371665543759,10.49194040638079,-2.7970973275982433e-08,-1.007653014667517e-09
725,3.4580220647014292e-28,9.416775906644217,10.49161015457751,-2.7796607539571897e-08,-1.0017092806623565e-09
726,1.9795436691536755e-45,9.417539774813914,10.490887833425314,-2.788210166500171e-08,-1.0063852683093554e-09
727,3.4615019544666553e-28,9.417539774813914,10.490887833425314,-2.826743527520094e-08,-1.0233228563694857e-09
728,3.4633487051626245e-28,9.417899298913358,10.490497659441083,-2.8115543201952926e-08,-1.0187529356897197e-09
729,3.46526080480182e-28,9.418243759622632,10.490089570815018,-2.821157797782496e-08,-1.0243503602222101e-09
730,3.4691556281106403e-28,9.418870271786185,10.489247313738751,-2.7879401537164055e-08,-1.0152964694206975e-09
731,3.4711248812189886e-28,9.419153382402065,10.4888165757852,-2.7999737110070434e-08,-1.0221350262366412e-09
732,3.4751930403985526e-28,9.41967630860577,10.487917853929515,-2.827215577137989e-08,-1.0375492547090054e-09
733,3.4796481624288723e-28,9.420165379034701,10.48692180064408,-2.8139021598777525e-08,-1.037673586002477e-09
734,1.9750749924945117e-45,9.420590183452786,10.485883506280276,-2.88683504967751e-08,-1.0699511196388542e-09
735,3.4865866271972095e-28,9.420778938858088,10.48534990833984,-2.922179422097114e-08,-1.0871293904059622e-09
736,3.488959971845129e-28,9.420952267505157,10.484807223203445,-2.920250150442055e-08,-1.0928740015298091e-09
737,3.4937885781888693e-28,9.421253546182248,10.483696191997193,-2.9951584660618627e-08,-1.1305254991892286e-09
738,3.4962408752938164e-28,9.421490168080158,10.482584255377297,-3.0103357916952274e-08,-1.1404178022403225e-09
739,1.976564592967054e-45,9.421590661234767,10.48200303883752,-3.043444396385855e-08,-1.1579340083017716e-09
740,1.9761281241855875e-45,9.421673028038732,10.481446579862073,-3.062922370974457e-08,-1.1696806546159472e-09
741,1.9759283149840753e-45,9.421742986399227,10.480884967913827,-3.053742968511635e-08,-1.1694382203538637e-09
742,3.527961155865482e-28,9.421800491747389,10.48031870953279,-3.051257404115272e-08,-1.1756099591055254e-09
743,3.756744824212644e-28,9.421847691777849,10.479716493729555,-3.065596003162725e-08,-1.1858743156955597e-09
744,3.759520817991875e-28,9.421881162145638,10.479110131313886,-3.083409135814997e-08,-1.1974838799273254e-09
745,4.057291841355819e-28,9.421900934243306,10.478500034423652,-3.101402743830012e-08,-1.2090289737227024e-09
746,4.098277830325157e-28,9.421907047492939,10.477886510818935,-3.1729649513287915e-08,-1.2398736335910396e-09
747,2.0227822198058123e-45,9.421899557654081,10.477269719371625,-3.18859704324389e-08,-1.250782455061323e-09
748,2.6259183434623785e-45,9.421878595889218,10.476649807382952,-3.204418027639451e-08,-1.261827618088236e-09
749,4.111780197188709e-28,9.421878595889218,10.476649807382952,-3.220418438516983e-08,-1.2730006720810325e-09
750,4.114845501669112e-28,9.421844198690614,10.476026923384666,-3.229868138421274e-08,-1.2813880672644229e-09
751,4.117883844490381e-28,9.421796501205142,10.475401054765534,-3.250331112213278e-08,-1.2945751016811763e-09
752,4.123820928017003e-28,9.42166584092997,10.474173626892338,-3.221731724262911e-08,-1.2905623491344416e-09
753,4.126879579598365e-28,9.421579165273391,10.473538803477233,-3.2418860378044055e-08,-1.3036856668305177e-09
754,4.129783475894582e-28,9.421484456596051,10.472934555629568,-3.2728705400273006e-08,-1.3213670091213771e-09
755,4.132855047492995e-28,9.421370925851587,10.47229375051989,-3.371108170097573e-08,-1.3688022236732246e-09
756,2.2776253433284175e-45,9.421102030133277,10.4710033395399,-3.392994211208807e-08,-1.3828797015736114e-09
757,4.139015773501411e-28,9.421102030133277,10.4710033395399,-3.410857682411224e-08,-1.395226545353024e-09
758,4.147128487456514e-28,9.420777524800434,10.469704289822596,-3.293556715401779e-08,-1.3521236481540522e-09
759,4.166361423293315e-28,9.420594896436173,10.469053268158197,-3.44730559601267e-08,-1.4203155807455615e-09
760,2.2914500809220602e-45,9.420399020870093,10.468402254127605,-3.4627279051237886e-08,-1.4316421180244137e-09
761,4.244420452507649e-28,9.420190151131465,10.467752064662115,-3.422298295273987e-08,-1.4226634564194096e-09
762,4.247550934297566e-28,9.41996863179862,10.467103454773197,-3.5343333193345293e-08,-1.4769480701081533e-09
763,4.42475196510543e-28,9.419514853088847,10.465880957741248,-3.5035061086369096e-08,-1.4716410685240353e-09
764,4.430807738899657e-28,9.419017718897614,10.464669833316677,-3.563466037496039e-08,-1.5067893254708123e-09
765,4.652356139381148e-28,9.41873890873813,10.464036559024413,-3.6828140864236e-08,-1.5646530348416809e-09
766,4.655627762730491e-28,9.418449723688626,10.463408173213379,-3.6193649630116184e-08,-1.540544637991556e-09
767,4.658862537216e-28,9.418151006690128,10.462785245154816,-3.648266633644911e-08,-1.5578339489821201e-09
768,4.810985133034374e-28,9.417527676005042,10.461557140347628,-3.672877411860154e-08,-1.5731704169637124e-09
769,4.817426526364512e-28,9.417204184161958,10.46095235551261,-3.728602421995684e-08,-1.6067027183394994e-09
770,4.823704298207266e-28,9.416536379514048,10.459761775320162,-3.7929535501779966e-08,-1.6441251612672528e-09
771,4.881152301399571e-28,9.416192693139296,10.459176081889765,-3.8199884497307774e-08,-1.6603653224243125e-09
772,4.884051526835319e-28,9.415861304226995,10.458627260190546,-3.856891353047316e-08,-1.6809214004827145e-09
773,4.887069943444211e-28,9.415505715261375,10.45805451014983,-3.984502475716178e-08,-1.7427624398782398e-09
774,4.890043533100404e-28,9.415144506046628,10.457488848307793,-4.020654309477004e-08,-1.7631727087594269e-09
775,4.903579262414461e-28,9.414777692084867,10.456930735052323,-3.953005827873968e-08,-1.7362976175121402e-09
776,4.906459030715915e-28,9.414405302826289,10.45638051927925,-4.085615491780073e-08,-1.8005533071845158e-09
777,4.90914037460109e-28,9.41404748468943,10.455866722028384,-4.141616121444567e-08,-1.82986420916983e-09
778,4.912882040927105e-28,9.413684813628512,10.455360371846723,-4.0777415784919616e-08,-1.8043161965707663e-09
779,4.915610923027542e-28,9.41329664918974,10.454834226636478,-4.120239554534525e-08,-1.8274229401401349e-09
780,3.08056729332917e-45,9.412503535828654,10.453809288795325,-4.2711369771142216e-10,-1.899968558936513e-11
781,4.923377205012081e-28,9.412119722673468,10.453337411916834,-4.296909112927825e-10,-1.9151272912459047e-11
782,4.925736142963158e-28,9.411730487889306,10.452875004562255,-4.3160593107824625e-10,-1.9310000517254657e-11
783,4.92816040398248e-28,9.411313814051123,10.452397700759539,-4.465969141213523e-10,-2.0027825194474413e-11
784,4.9305107028503675e-28,9.410891251009918,10.45193194173489,-4.4570192220434544e-10,-2.0040463008472273e-11
785,4.932785823520878e-28,9.410462752009924,10.45147823132673,-4.4560249486798305e-10,-2.007498702540683e-11
786,4.934982320114786e-28,9.41002830085398,10.45103712817299,-4.4744782565100755e-10,-2.0174295465246648e-11
787,4.936987436873675e-28,9.409611134157611,10.45063139994877,-4.4650812711915046e-10,-2.0179336218630873e-11
788,4.939020519506457e-28,9.409164876363365,10.450216533158034,-4.427022588362258e-10,-2.0089477177028445e-11
789,4.942822921664244e-28,9.408254744229161,10.4494292637604,-4.4335835056616573e-10,-2.018005310552537e-11
790,4.944499086492383e-28,9.4078157957569,10.44907651424629,-4.4229219552680123e-10,-2.0174596138210697e-11
791,4.947692093772515e-28,9.406899075340156,10.448392300820476,-4.3903628152069725e-10,-2.012659341523428e-11
